country,date,ust_busd,source_file
Russia,2007-01,8.5,mfhhis01.csv
Russia,2007-02,8.1,mfhhis01.csv
Russia,2007-03,7.4,mfhhis01.csv
Russia,2007-04,7.7,mfhhis01.csv
Russia,2007-05,11.8,mfhhis01.csv
Russia,2007-06,14.7,mfhhis01.csv
Russia,2007-07,35.9,mfhhis01.csv
Russia,2007-08,31.9,mfhhis01.csv
Russia,2007-09,31.8,mfhhis01.csv
Russia,2007-10,33.6,mfhhis01.csv
Russia,2007-11,33.5,mfhhis01.csv
Russia,2007-12,32.7,mfhhis01.csv
Russia,2008-01,35.2,mfhhis01.csv
Russia,2008-02,38.4,mfhhis01.csv
Russia,2008-03,42.4,mfhhis01.csv
Russia,2008-04,60.2,mfhhis01.csv
Russia,2008-05,63.7,mfhhis01.csv
Russia,2008-06,65.3,mfhhis01.csv
Russia,2008-07,104.0,mfhhis01.csv
Russia,2008-08,104.2,mfhhis01.csv
Russia,2008-09,99.6,mfhhis01.csv
Russia,2008-10,110.8,mfhhis01.csv
Russia,2008-11,108.0,mfhhis01.csv
Russia,2008-12,116.4,mfhhis01.csv
Russia,2009-01,119.6,mfhhis01.csv
Russia,2009-02,130.1,mfhhis01.csv
Russia,2009-03,138.4,mfhhis01.csv
Russia,2009-04,137.0,mfhhis01.csv
Russia,2009-05,124.5,mfhhis01.csv
Russia,2009-06,119.9,mfhhis01.csv
Russia,2009-07,141.3,mfhhis01.csv
Russia,2009-08,144.9,mfhhis01.csv
Russia,2009-09,145.1,mfhhis01.csv
Russia,2009-10,145.9,mfhhis01.csv
Russia,2009-11,151.4,mfhhis01.csv
Russia,2009-12,141.8,mfhhis01.csv
Russia,2010-01,124.2,mfhhis01.csv
Russia,2010-02,120.2,mfhhis01.csv
Russia,2010-03,120.1,mfhhis01.csv
Russia,2010-04,113.1,mfhhis01.csv
Russia,2010-05,126.8,mfhhis01.csv
Russia,2010-06,123.4,mfhhis01.csv
Russia,2010-07,175.7,mfhhis01.csv
Russia,2010-08,173.7,mfhhis01.csv
Russia,2010-09,173.3,mfhhis01.csv
Russia,2010-10,176.3,mfhhis01.csv
Russia,2010-11,167.3,mfhhis01.csv
Russia,2010-12,151.0,mfhhis01.csv
Russia,2011-01,139.3,mfhhis01.csv
Russia,2011-02,130.5,mfhhis01.csv
Russia,2011-03,127.8,mfhhis01.csv
Russia,2011-04,125.4,mfhhis01.csv
Russia,2011-05,115.2,mfhhis01.csv
Russia,2011-06,110.7,mfhhis01.csv
Russia,2011-07,141.7,mfhhis01.csv
Russia,2011-08,138.1,mfhhis01.csv
Russia,2011-09,149.9,mfhhis01.csv
Russia,2011-10,147.5,mfhhis01.csv
Russia,2011-11,145.1,mfhhis01.csv
Russia,2011-12,149.5,mfhhis01.csv
Russia,2012-01,145.7,mfhhis01.csv
Russia,2012-02,144.8,mfhhis01.csv
Russia,2012-03,151.1,mfhhis01.csv
Russia,2012-04,155.4,mfhhis01.csv
Russia,2012-05,156.3,mfhhis01.csv
Russia,2012-06,163.8,mfhhis01.csv
Russia,2012-07,156.2,mfhhis01.csv
Russia,2012-08,162.9,mfhhis01.csv
Russia,2012-09,163.5,mfhhis01.csv
Russia,2012-10,171.1,mfhhis01.csv
Russia,2012-11,166.2,mfhhis01.csv
Russia,2012-12,161.5,mfhhis01.csv
Russia,2013-01,164.4,mfhhis01.csv
Russia,2013-02,164.9,mfhhis01.csv
Russia,2013-03,153.0,mfhhis01.csv
Russia,2013-04,149.4,mfhhis01.csv
Russia,2013-05,143.4,mfhhis01.csv
Russia,2013-06,138.0,mfhhis01.csv
Russia,2013-07,131.6,mfhhis01.csv
Russia,2013-08,136.0,mfhhis01.csv
Russia,2013-09,140.5,mfhhis01.csv
Russia,2013-10,149.9,mfhhis01.csv
Russia,2013-11,139.9,mfhhis01.csv
Russia,2013-12,138.6,mfhhis01.csv
Russia,2014-01,131.8,mfhhis01.csv
Russia,2014-02,126.2,mfhhis01.csv
Russia,2014-03,100.4,mfhhis01.csv
Russia,2014-04,116.4,mfhhis01.csv
Russia,2014-05,111.4,mfhhis01.csv
Russia,2014-06,113.9,mfhhis01.csv
Russia,2014-07,114.5,mfhhis01.csv
Russia,2014-08,118.1,mfhhis01.csv
Russia,2014-09,117.7,mfhhis01.csv
Russia,2014-10,108.9,mfhhis01.csv
Russia,2014-11,108.1,mfhhis01.csv
Russia,2014-12,86.0,mfhhis01.csv
Russia,2015-01,82.2,mfhhis01.csv
Russia,2015-02,69.6,mfhhis01.csv
Russia,2015-03,69.9,mfhhis01.csv
Russia,2015-04,66.5,mfhhis01.csv
Russia,2015-05,70.6,mfhhis01.csv
Russia,2015-06,72.0,mfhhis01.csv
Russia,2015-07,82.1,mfhhis01.csv
Russia,2015-08,89.9,mfhhis01.csv
Russia,2015-09,89.1,mfhhis01.csv
Russia,2015-10,82.0,mfhhis01.csv
Russia,2015-11,88.0,mfhhis01.csv
Russia,2015-12,92.1,mfhhis01.csv
Russia,2016-01,96.9,mfhhis01.csv
Russia,2016-02,87.6,mfhhis01.csv
Russia,2016-03,86.0,mfhhis01.csv
Russia,2016-04,82.5,mfhhis01.csv
Russia,2016-05,88.2,mfhhis01.csv
Russia,2016-06,90.9,mfhhis01.csv
Russia,2016-07,88.2,mfhhis01.csv
Russia,2016-08,87.5,mfhhis01.csv
Russia,2016-09,76.5,mfhhis01.csv
Russia,2016-10,74.6,mfhhis01.csv
Russia,2016-11,86.6,mfhhis01.csv
Russia,2016-12,86.1,mfhhis01.csv
Russia,2017-01,86.2,mfhhis01.csv
Russia,2017-02,86.3,mfhhis01.csv
Russia,2017-03,99.8,mfhhis01.csv
Russia,2017-04,104.9,mfhhis01.csv
Russia,2017-05,108.7,mfhhis01.csv
Russia,2017-06,102.9,mfhhis01.csv
Russia,2017-07,103.1,mfhhis01.csv
Russia,2017-08,105.4,mfhhis01.csv
Russia,2017-09,103.9,mfhhis01.csv
Russia,2017-10,105.0,mfhhis01.csv
Russia,2017-11,105.7,mfhhis01.csv
Russia,2017-12,102.5,mfhhis01.csv
Russia,2018-01,96.9,mfhhis01.csv
Russia,2018-02,93.8,mfhhis01.csv
Russia,2018-03,96.1,mfhhis01.csv
Russia,2018-04,48.7,mfhhis01.csv
Russia,2018-05,14.9,mfhhis01.csv
Russia,2018-06,14.9,mfhhis01.csv
Russia,2018-07,14.9,mfhhis01.csv
Russia,2018-08,14.1,mfhhis01.csv
Russia,2018-09,14.4,mfhhis01.csv
Russia,2018-10,14.6,mfhhis01.csv
Russia,2018-11,12.8,mfhhis01.csv
Russia,2018-12,13.2,mfhhis01.csv
Russia,2019-01,13.18,slt3d_globl.csv
Russia,2019-02,14.507,slt3d_globl.csv
Russia,2019-03,13.715,slt3d_globl.csv
Russia,2019-04,12.134,slt3d_globl.csv
Russia,2019-05,12.021,slt3d_globl.csv
Russia,2019-06,10.848,slt3d_globl.csv
Russia,2019-07,8.5,slt3d_globl.csv
Russia,2019-08,9.326,slt3d_globl.csv
Russia,2019-09,10.073,slt3d_globl.csv
Russia,2019-10,10.695,slt3d_globl.csv
Russia,2019-11,11.491,slt3d_globl.csv
Russia,2019-12,9.974,slt3d_globl.csv
Russia,2020-01,10.51,slt_table3.txt
Russia,2020-02,12.586,slt_table3.txt
Russia,2020-03,3.854,slt_table3.txt
Russia,2020-04,6.853,slt_table3.txt
Russia,2020-05,5.394,slt_table3.txt
Russia,2020-06,5.871,slt_table3.txt
Russia,2020-07,5.879,slt_table3.txt
Russia,2020-08,5.858,slt_table3.txt
Russia,2020-09,5.963,slt_table3.txt
Russia,2020-10,6.155,slt_table3.txt
Russia,2020-11,4.968,slt_table3.txt
Russia,2020-12,6.011,slt_table3.txt
Russia,2021-01,6.145,slt_table3.txt
Russia,2021-02,5.756,slt_table3.txt
Russia,2021-03,3.976,slt_table3.txt
Russia,2021-04,3.957,slt_table3.txt
Russia,2021-05,3.805,slt_table3.txt
Russia,2021-06,4.006,slt_table3.txt
Russia,2021-07,4.006,slt_table3.txt
Russia,2021-08,4.004,slt_table3.txt
Russia,2021-09,3.918,slt_table3.txt
Russia,2021-10,3.72,slt_table3.txt
Russia,2021-11,2.409,slt_table3.txt
Russia,2021-12,3.91,slt_table3.txt
Russia,2022-01,4.503,slt_table3.txt
Russia,2022-02,3.753,slt_table3.txt
Russia,2022-03,2.003,slt_table3.txt
Russia,2022-04,2.003,slt_table3.txt
Russia,2022-05,2.004,slt_table3.txt
Russia,2022-06,2.005,slt_table3.txt
Russia,2022-07,2.007,slt_table3.txt
Russia,2022-08,2.01,slt_table3.txt
Russia,2022-09,2.015,slt_table3.txt
Russia,2022-10,2.034,slt_table3.txt
Russia,2022-11,2.092,slt_table3.txt
Russia,2022-12,0.629,slt_table3.txt
Russia,2023-01,0.067,slt_table3.txt
Russia,2023-02,0.075,slt_table3.txt
Russia,2023-03,0.077,slt_table3.txt
Russia,2023-04,0.035,slt_table3.txt
Russia,2023-05,0.036,slt_table3.txt
Russia,2023-06,0.033,slt_table3.txt
Russia,2023-07,0.029,slt_table3.txt
Russia,2023-08,0.031,slt_table3.txt
Russia,2023-09,0.073,slt_table3.txt
Russia,2023-10,0.031,slt_table3.txt
Russia,2023-11,0.028,slt_table3.txt
Russia,2023-12,0.216,slt_table3.txt
Russia,2024-01,0.21,slt_table3.txt
Russia,2024-02,0.212,slt_table3.txt
Russia,2024-03,0.213,slt_table3.txt
Russia,2024-04,0.221,slt_table3.txt
Russia,2024-05,0.221,slt_table3.txt
Russia,2024-06,0.22,slt_table3.txt
Russia,2024-07,0.202,slt_table3.txt
Russia,2024-08,0.161,slt_table3.txt
Russia,2024-09,0.17,slt_table3.txt
Russia,2024-10,0.028,slt_table3.txt
Russia,2024-11,0.035,slt_table3.txt
Russia,2024-12,0.042,slt_table3.txt
Russia,2025-01,0.038,slt_table3.txt
Russia,2025-02,0.036,slt_table3.txt
Russia,2025-03,0.035,slt_table3.txt
Russia,2025-04,0.031,slt_table3.txt
Russia,2025-05,0.042,slt_table3.txt
Russia,2025-06,0.039,slt_table3.txt
Russia,2025-07,0.038,slt_table3.txt
Russia,2025-08,0.039,slt_table3.txt
Russia,2025-09,0.031,slt_table3.txt
Russia,2025-10,0.03,slt_table3.txt
Russia,2025-11,0.029,slt_table3.txt
Russia,2025-12,0.029,slt_table3.txt
Russia,2026-01,0.029,slt_table3.txt
Russia,2026-02,0.026,slt_table3.txt
Russia,2026-03,0.025,slt_table3.txt
Russia,2026-04,0.026,slt_table3.txt
"China, Mainland",2000-03,59.4,mfhhis01.csv
"China, Mainland",2000-04,71.7,mfhhis01.csv
"China, Mainland",2000-05,72.5,mfhhis01.csv
"China, Mainland",2000-06,67.5,mfhhis01.csv
"China, Mainland",2000-07,66.4,mfhhis01.csv
"China, Mainland",2000-08,62.6,mfhhis01.csv
"China, Mainland",2000-09,62.1,mfhhis01.csv
"China, Mainland",2000-10,59.5,mfhhis01.csv
"China, Mainland",2000-11,58.9,mfhhis01.csv
"China, Mainland",2000-12,60.3,mfhhis01.csv
"China, Mainland",2001-01,61.5,mfhhis01.csv
"China, Mainland",2001-02,63.7,mfhhis01.csv
"China, Mainland",2001-03,69.8,mfhhis01.csv
"China, Mainland",2001-04,69.2,mfhhis01.csv
"China, Mainland",2001-05,69.2,mfhhis01.csv
"China, Mainland",2001-06,72.7,mfhhis01.csv
"China, Mainland",2001-07,74.2,mfhhis01.csv
"China, Mainland",2001-08,73.4,mfhhis01.csv
"China, Mainland",2001-09,72.0,mfhhis01.csv
"China, Mainland",2001-10,72.3,mfhhis01.csv
"China, Mainland",2001-11,77.9,mfhhis01.csv
"China, Mainland",2001-12,78.6,mfhhis01.csv
"China, Mainland",2002-01,77.5,mfhhis01.csv
"China, Mainland",2002-02,76.5,mfhhis01.csv
"China, Mainland",2002-03,84.5,mfhhis01.csv
"China, Mainland",2002-04,82.4,mfhhis01.csv
"China, Mainland",2002-05,81.3,mfhhis01.csv
"China, Mainland",2002-06,81.0,mfhhis01.csv
"China, Mainland",2002-07,96.9,mfhhis01.csv
"China, Mainland",2002-08,102.3,mfhhis01.csv
"China, Mainland",2002-09,104.7,mfhhis01.csv
"China, Mainland",2002-10,106.5,mfhhis01.csv
"China, Mainland",2002-11,112.4,mfhhis01.csv
"China, Mainland",2002-12,118.4,mfhhis01.csv
"China, Mainland",2003-01,120.7,mfhhis01.csv
"China, Mainland",2003-02,121.8,mfhhis01.csv
"China, Mainland",2003-03,133.2,mfhhis01.csv
"China, Mainland",2003-04,134.0,mfhhis01.csv
"China, Mainland",2003-05,135.8,mfhhis01.csv
"China, Mainland",2003-06,137.2,mfhhis01.csv
"China, Mainland",2003-07,151.3,mfhhis01.csv
"China, Mainland",2003-08,148.8,mfhhis01.csv
"China, Mainland",2003-09,147.1,mfhhis01.csv
"China, Mainland",2003-10,151.5,mfhhis01.csv
"China, Mainland",2003-11,154.2,mfhhis01.csv
"China, Mainland",2003-12,159.0,mfhhis01.csv
"China, Mainland",2004-01,157.6,mfhhis01.csv
"China, Mainland",2004-02,155.0,mfhhis01.csv
"China, Mainland",2004-03,158.7,mfhhis01.csv
"China, Mainland",2004-04,163.9,mfhhis01.csv
"China, Mainland",2004-05,165.8,mfhhis01.csv
"China, Mainland",2004-06,166.6,mfhhis01.csv
"China, Mainland",2004-07,196.4,mfhhis01.csv
"China, Mainland",2004-08,201.6,mfhhis01.csv
"China, Mainland",2004-09,209.4,mfhhis01.csv
"China, Mainland",2004-10,214.8,mfhhis01.csv
"China, Mainland",2004-11,220.2,mfhhis01.csv
"China, Mainland",2004-12,222.9,mfhhis01.csv
"China, Mainland",2005-01,223.5,mfhhis01.csv
"China, Mainland",2005-02,224.9,mfhhis01.csv
"China, Mainland",2005-03,223.7,mfhhis01.csv
"China, Mainland",2005-04,240.2,mfhhis01.csv
"China, Mainland",2005-05,243.1,mfhhis01.csv
"China, Mainland",2005-06,243.3,mfhhis01.csv
"China, Mainland",2005-07,296.4,mfhhis01.csv
"China, Mainland",2005-08,302.1,mfhhis01.csv
"China, Mainland",2005-09,306.3,mfhhis01.csv
"China, Mainland",2005-10,301.7,mfhhis01.csv
"China, Mainland",2005-11,303.9,mfhhis01.csv
"China, Mainland",2005-12,310.0,mfhhis01.csv
"China, Mainland",2006-01,313.9,mfhhis01.csv
"China, Mainland",2006-02,318.4,mfhhis01.csv
"China, Mainland",2006-03,319.2,mfhhis01.csv
"China, Mainland",2006-04,321.1,mfhhis01.csv
"China, Mainland",2006-05,324.5,mfhhis01.csv
"China, Mainland",2006-06,328.0,mfhhis01.csv
"China, Mainland",2006-07,378.2,mfhhis01.csv
"China, Mainland",2006-08,386.5,mfhhis01.csv
"China, Mainland",2006-09,389.7,mfhhis01.csv
"China, Mainland",2006-10,392.2,mfhhis01.csv
"China, Mainland",2006-11,393.8,mfhhis01.csv
"China, Mainland",2006-12,396.9,mfhhis01.csv
"China, Mainland",2007-01,401.0,mfhhis01.csv
"China, Mainland",2007-02,416.0,mfhhis01.csv
"China, Mainland",2007-03,420.0,mfhhis01.csv
"China, Mainland",2007-04,414.2,mfhhis01.csv
"China, Mainland",2007-05,407.5,mfhhis01.csv
"China, Mainland",2007-06,405.2,mfhhis01.csv
"China, Mainland",2007-07,480.0,mfhhis01.csv
"China, Mainland",2007-08,471.2,mfhhis01.csv
"China, Mainland",2007-09,467.7,mfhhis01.csv
"China, Mainland",2007-10,459.1,mfhhis01.csv
"China, Mainland",2007-11,458.9,mfhhis01.csv
"China, Mainland",2007-12,477.6,mfhhis01.csv
"China, Mainland",2008-01,492.6,mfhhis01.csv
"China, Mainland",2008-02,486.9,mfhhis01.csv
"China, Mainland",2008-03,490.6,mfhhis01.csv
"China, Mainland",2008-04,502.0,mfhhis01.csv
"China, Mainland",2008-05,506.8,mfhhis01.csv
"China, Mainland",2008-06,503.8,mfhhis01.csv
"China, Mainland",2008-07,550.0,mfhhis01.csv
"China, Mainland",2008-08,573.7,mfhhis01.csv
"China, Mainland",2008-09,618.2,mfhhis01.csv
"China, Mainland",2008-10,684.1,mfhhis01.csv
"China, Mainland",2008-11,713.2,mfhhis01.csv
"China, Mainland",2008-12,727.4,mfhhis01.csv
"China, Mainland",2009-01,739.6,mfhhis01.csv
"China, Mainland",2009-02,744.2,mfhhis01.csv
"China, Mainland",2009-03,767.9,mfhhis01.csv
"China, Mainland",2009-04,763.5,mfhhis01.csv
"China, Mainland",2009-05,801.5,mfhhis01.csv
"China, Mainland",2009-06,776.4,mfhhis01.csv
"China, Mainland",2009-07,939.9,mfhhis01.csv
"China, Mainland",2009-08,936.5,mfhhis01.csv
"China, Mainland",2009-09,938.3,mfhhis01.csv
"China, Mainland",2009-10,938.3,mfhhis01.csv
"China, Mainland",2009-11,929.0,mfhhis01.csv
"China, Mainland",2009-12,894.8,mfhhis01.csv
"China, Mainland",2010-01,889.0,mfhhis01.csv
"China, Mainland",2010-02,877.5,mfhhis01.csv
"China, Mainland",2010-03,895.2,mfhhis01.csv
"China, Mainland",2010-04,900.2,mfhhis01.csv
"China, Mainland",2010-05,867.7,mfhhis01.csv
"China, Mainland",2010-06,843.7,mfhhis01.csv
"China, Mainland",2010-07,1115.1,mfhhis01.csv
"China, Mainland",2010-08,1136.8,mfhhis01.csv
"China, Mainland",2010-09,1151.9,mfhhis01.csv
"China, Mainland",2010-10,1175.3,mfhhis01.csv
"China, Mainland",2010-11,1164.1,mfhhis01.csv
"China, Mainland",2010-12,1160.1,mfhhis01.csv
"China, Mainland",2011-01,1154.7,mfhhis01.csv
"China, Mainland",2011-02,1154.1,mfhhis01.csv
"China, Mainland",2011-03,1144.9,mfhhis01.csv
"China, Mainland",2011-04,1152.5,mfhhis01.csv
"China, Mainland",2011-05,1159.8,mfhhis01.csv
"China, Mainland",2011-06,1165.5,mfhhis01.csv
"China, Mainland",2011-07,1314.9,mfhhis01.csv
"China, Mainland",2011-08,1278.5,mfhhis01.csv
"China, Mainland",2011-09,1270.2,mfhhis01.csv
"China, Mainland",2011-10,1256.0,mfhhis01.csv
"China, Mainland",2011-11,1254.6,mfhhis01.csv
"China, Mainland",2011-12,1151.9,mfhhis01.csv
"China, Mainland",2012-01,1166.2,mfhhis01.csv
"China, Mainland",2012-02,1155.2,mfhhis01.csv
"China, Mainland",2012-03,1144.0,mfhhis01.csv
"China, Mainland",2012-04,1164.4,mfhhis01.csv
"China, Mainland",2012-05,1164.0,mfhhis01.csv
"China, Mainland",2012-06,1147.0,mfhhis01.csv
"China, Mainland",2012-07,1160.0,mfhhis01.csv
"China, Mainland",2012-08,1155.2,mfhhis01.csv
"China, Mainland",2012-09,1153.6,mfhhis01.csv
"China, Mainland",2012-10,1169.9,mfhhis01.csv
"China, Mainland",2012-11,1183.1,mfhhis01.csv
"China, Mainland",2012-12,1220.4,mfhhis01.csv
"China, Mainland",2013-01,1214.2,mfhhis01.csv
"China, Mainland",2013-02,1251.9,mfhhis01.csv
"China, Mainland",2013-03,1270.3,mfhhis01.csv
"China, Mainland",2013-04,1290.7,mfhhis01.csv
"China, Mainland",2013-05,1297.3,mfhhis01.csv
"China, Mainland",2013-06,1275.8,mfhhis01.csv
"China, Mainland",2013-07,1279.3,mfhhis01.csv
"China, Mainland",2013-08,1268.1,mfhhis01.csv
"China, Mainland",2013-09,1293.8,mfhhis01.csv
"China, Mainland",2013-10,1304.5,mfhhis01.csv
"China, Mainland",2013-11,1316.7,mfhhis01.csv
"China, Mainland",2013-12,1270.1,mfhhis01.csv
"China, Mainland",2014-01,1275.6,mfhhis01.csv
"China, Mainland",2014-02,1272.9,mfhhis01.csv
"China, Mainland",2014-03,1272.1,mfhhis01.csv
"China, Mainland",2014-04,1263.2,mfhhis01.csv
"China, Mainland",2014-05,1270.9,mfhhis01.csv
"China, Mainland",2014-06,1268.4,mfhhis01.csv
"China, Mainland",2014-07,1264.9,mfhhis01.csv
"China, Mainland",2014-08,1269.7,mfhhis01.csv
"China, Mainland",2014-09,1266.3,mfhhis01.csv
"China, Mainland",2014-10,1252.7,mfhhis01.csv
"China, Mainland",2014-11,1250.4,mfhhis01.csv
"China, Mainland",2014-12,1244.3,mfhhis01.csv
"China, Mainland",2015-01,1239.1,mfhhis01.csv
"China, Mainland",2015-02,1223.7,mfhhis01.csv
"China, Mainland",2015-03,1261.0,mfhhis01.csv
"China, Mainland",2015-04,1263.4,mfhhis01.csv
"China, Mainland",2015-05,1270.3,mfhhis01.csv
"China, Mainland",2015-06,1271.2,mfhhis01.csv
"China, Mainland",2015-07,1268.8,mfhhis01.csv
"China, Mainland",2015-08,1270.5,mfhhis01.csv
"China, Mainland",2015-09,1258.0,mfhhis01.csv
"China, Mainland",2015-10,1254.8,mfhhis01.csv
"China, Mainland",2015-11,1264.5,mfhhis01.csv
"China, Mainland",2015-12,1246.1,mfhhis01.csv
"China, Mainland",2016-01,1238.0,mfhhis01.csv
"China, Mainland",2016-02,1252.3,mfhhis01.csv
"China, Mainland",2016-03,1244.6,mfhhis01.csv
"China, Mainland",2016-04,1242.8,mfhhis01.csv
"China, Mainland",2016-05,1244.0,mfhhis01.csv
"China, Mainland",2016-06,1240.8,mfhhis01.csv
"China, Mainland",2016-07,1218.8,mfhhis01.csv
"China, Mainland",2016-08,1185.1,mfhhis01.csv
"China, Mainland",2016-09,1157.0,mfhhis01.csv
"China, Mainland",2016-10,1115.7,mfhhis01.csv
"China, Mainland",2016-11,1049.3,mfhhis01.csv
"China, Mainland",2016-12,1058.4,mfhhis01.csv
"China, Mainland",2017-01,1051.1,mfhhis01.csv
"China, Mainland",2017-02,1059.7,mfhhis01.csv
"China, Mainland",2017-03,1088.1,mfhhis01.csv
"China, Mainland",2017-04,1092.2,mfhhis01.csv
"China, Mainland",2017-05,1102.2,mfhhis01.csv
"China, Mainland",2017-06,1146.5,mfhhis01.csv
"China, Mainland",2017-07,1166.9,mfhhis01.csv
"China, Mainland",2017-08,1201.7,mfhhis01.csv
"China, Mainland",2017-09,1182.3,mfhhis01.csv
"China, Mainland",2017-10,1189.2,mfhhis01.csv
"China, Mainland",2017-11,1176.6,mfhhis01.csv
"China, Mainland",2017-12,1184.9,mfhhis01.csv
"China, Mainland",2018-01,1168.2,mfhhis01.csv
"China, Mainland",2018-02,1176.7,mfhhis01.csv
"China, Mainland",2018-03,1187.7,mfhhis01.csv
"China, Mainland",2018-04,1181.9,mfhhis01.csv
"China, Mainland",2018-05,1183.1,mfhhis01.csv
"China, Mainland",2018-06,1191.2,mfhhis01.csv
"China, Mainland",2018-07,1171.0,mfhhis01.csv
"China, Mainland",2018-08,1165.1,mfhhis01.csv
"China, Mainland",2018-09,1151.4,mfhhis01.csv
"China, Mainland",2018-10,1138.9,mfhhis01.csv
"China, Mainland",2018-11,1121.4,mfhhis01.csv
"China, Mainland",2018-12,1124.3,mfhhis01.csv
"China, Mainland",2019-01,1126.7,mfhhis01.csv
"China, Mainland",2019-02,1130.9,mfhhis01.csv
"China, Mainland",2019-03,1120.5,mfhhis01.csv
"China, Mainland",2019-04,1113.0,mfhhis01.csv
"China, Mainland",2019-05,1110.2,mfhhis01.csv
"China, Mainland",2019-06,1112.5,mfhhis01.csv
"China, Mainland",2019-07,1110.3,mfhhis01.csv
"China, Mainland",2019-08,1103.5,mfhhis01.csv
"China, Mainland",2019-09,1102.4,mfhhis01.csv
"China, Mainland",2019-10,1101.5,mfhhis01.csv
"China, Mainland",2019-11,1089.1,mfhhis01.csv
"China, Mainland",2019-12,1069.9,mfhhis01.csv
"China, Mainland",2020-01,1078.6,mfhhis01.csv
"China, Mainland",2020-02,1092.3,mfhhis01.csv
"China, Mainland",2020-03,1081.6,mfhhis01.csv
"China, Mainland",2020-04,1072.8,mfhhis01.csv
"China, Mainland",2020-05,1083.7,mfhhis01.csv
"China, Mainland",2020-06,1074.4,mfhhis01.csv
"China, Mainland",2020-07,1073.4,mfhhis01.csv
"China, Mainland",2020-08,1068.0,mfhhis01.csv
"China, Mainland",2020-09,1061.7,mfhhis01.csv
"China, Mainland",2020-10,1054.0,mfhhis01.csv
"China, Mainland",2020-11,1063.0,mfhhis01.csv
"China, Mainland",2020-12,1072.3,mfhhis01.csv
"China, Mainland",2021-01,1095.2,mfhhis01.csv
"China, Mainland",2021-02,1104.2,mfhhis01.csv
"China, Mainland",2021-03,1100.4,mfhhis01.csv
"China, Mainland",2021-04,1096.1,mfhhis01.csv
"China, Mainland",2021-05,1078.4,mfhhis01.csv
"China, Mainland",2021-06,1061.8,mfhhis01.csv
"China, Mainland",2021-07,1068.3,mfhhis01.csv
"China, Mainland",2021-08,1047.0,mfhhis01.csv
"China, Mainland",2021-09,1047.5,mfhhis01.csv
"China, Mainland",2021-10,1065.4,mfhhis01.csv
"China, Mainland",2021-11,1052.9,mfhhis01.csv
"China, Mainland",2021-12,1040.3,mfhhis01.csv
"China, Mainland",2022-01,1033.8,mfhhis01.csv
"China, Mainland",2022-02,1028.7,mfhhis01.csv
"China, Mainland",2022-03,1013.2,mfhhis01.csv
"China, Mainland",2022-04,976.0,mfhhis01.csv
"China, Mainland",2022-05,951.8,mfhhis01.csv
"China, Mainland",2022-06,938.8,mfhhis01.csv
"China, Mainland",2022-07,939.2,mfhhis01.csv
"China, Mainland",2022-08,938.6,mfhhis01.csv
"China, Mainland",2022-09,901.7,mfhhis01.csv
"China, Mainland",2022-10,877.9,mfhhis01.csv
"China, Mainland",2022-11,870.3,mfhhis01.csv
"China, Mainland",2022-12,867.1,mfhhis01.csv
"China, Mainland",2023-01,859.3,mfhhis01.csv
"China, Mainland",2023-02,849.0,mfhhis01.csv
"China, Mainland",2023-03,869.3,mfhhis01.csv
"China, Mainland",2023-04,868.9,mfhhis01.csv
"China, Mainland",2023-05,846.7,mfhhis01.csv
"China, Mainland",2023-06,835.8,mfhhis01.csv
"China, Mainland",2023-07,821.8,mfhhis01.csv
"China, Mainland",2023-08,805.4,mfhhis01.csv
"China, Mainland",2023-09,778.1,mfhhis01.csv
"China, Mainland",2023-10,769.6,mfhhis01.csv
"China, Mainland",2023-11,782.0,mfhhis01.csv
"China, Mainland",2023-12,816.3,mfhhis01.csv
"China, Mainland",2024-01,797.7,mfhhis01.csv
"China, Mainland",2024-02,775.0,mfhhis01.csv
"China, Mainland",2024-03,767.4,mfhhis01.csv
"China, Mainland",2024-04,770.7,mfhhis01.csv
"China, Mainland",2024-05,768.3,mfhhis01.csv
"China, Mainland",2024-06,780.2,mfhhis01.csv
"China, Mainland",2024-07,776.5,mfhhis01.csv
"China, Mainland",2024-08,774.6,mfhhis01.csv
"China, Mainland",2024-09,772.0,mfhhis01.csv
"China, Mainland",2024-10,760.1,mfhhis01.csv
"China, Mainland",2024-11,768.6,mfhhis01.csv
"China, Mainland",2024-12,759.0,mfhhis01.csv
"China, Mainland",2025-01,760.8,mfhhis01.csv
"China, Mainland",2025-02,784.3,mfhhis01.csv
"China, Mainland",2025-03,765.4,mfhhis01.csv
"China, Mainland",2025-04,743.6,mfhhis01.csv
"China, Mainland",2025-05,732.7,mfhhis01.csv
"China, Mainland",2025-06,731.4,mfhhis01.csv
"China, Mainland",2025-07,695.6,mfhhis01.csv
"China, Mainland",2025-08,699.7,mfhhis01.csv
"China, Mainland",2025-09,699.2,mfhhis01.csv
"China, Mainland",2025-10,687.7,mfhhis01.csv
"China, Mainland",2025-11,683.9,mfhhis01.csv
"China, Mainland",2025-12,683.5,mfhhis01.csv
"China, Mainland",2026-01,694.401,slt_table3.txt
"China, Mainland",2026-02,693.264,slt_table3.txt
"China, Mainland",2026-03,652.316,slt_table3.txt
"China, Mainland",2026-04,651.072,slt_table3.txt
Belgium,2002-01,21.8,mfhhis01.csv
Belgium,2002-02,21.2,mfhhis01.csv
Belgium,2002-03,22.4,mfhhis01.csv
Belgium,2002-04,21.8,mfhhis01.csv
Belgium,2002-05,21.7,mfhhis01.csv
Belgium,2002-06,22.9,mfhhis01.csv
Belgium,2002-07,11.6,mfhhis01.csv
Belgium,2002-08,13.3,mfhhis01.csv
Belgium,2002-09,13.2,mfhhis01.csv
Belgium,2002-10,12.8,mfhhis01.csv
Belgium,2002-11,13.2,mfhhis01.csv
Belgium,2002-12,13.0,mfhhis01.csv
Belgium,2003-01,16.6,mfhhis01.csv
Belgium,2003-02,15.0,mfhhis01.csv
Belgium,2003-03,12.2,mfhhis01.csv
Belgium,2003-04,12.3,mfhhis01.csv
Belgium,2003-05,12.2,mfhhis01.csv
Belgium,2003-06,12.2,mfhhis01.csv
Belgium,2003-07,12.5,mfhhis01.csv
Belgium,2003-08,14.2,mfhhis01.csv
Belgium,2003-09,14.2,mfhhis01.csv
Belgium,2003-10,14.6,mfhhis01.csv
Belgium,2003-11,15.2,mfhhis01.csv
Belgium,2003-12,14.4,mfhhis01.csv
Belgium,2004-01,14.5,mfhhis01.csv
Belgium,2004-02,12.9,mfhhis01.csv
Belgium,2004-03,12.7,mfhhis01.csv
Belgium,2004-04,13.2,mfhhis01.csv
Belgium,2004-05,13.6,mfhhis01.csv
Belgium,2004-06,16.1,mfhhis01.csv
Belgium,2004-07,16.0,mfhhis01.csv
Belgium,2004-08,15.8,mfhhis01.csv
Belgium,2004-09,15.9,mfhhis01.csv
Belgium,2004-10,16.0,mfhhis01.csv
Belgium,2004-11,16.8,mfhhis01.csv
Belgium,2004-12,17.0,mfhhis01.csv
Belgium,2005-01,16.8,mfhhis01.csv
Belgium,2005-02,16.7,mfhhis01.csv
Belgium,2005-03,15.3,mfhhis01.csv
Belgium,2005-04,15.7,mfhhis01.csv
Belgium,2005-05,15.8,mfhhis01.csv
Belgium,2005-06,15.9,mfhhis01.csv
Belgium,2005-07,15.6,mfhhis01.csv
Belgium,2005-08,15.8,mfhhis01.csv
Belgium,2005-09,15.7,mfhhis01.csv
Belgium,2005-10,15.4,mfhhis01.csv
Belgium,2005-11,15.6,mfhhis01.csv
Belgium,2005-12,17.0,mfhhis01.csv
Belgium,2006-01,16.7,mfhhis01.csv
Belgium,2006-02,17.2,mfhhis01.csv
Belgium,2006-03,17.1,mfhhis01.csv
Belgium,2006-04,17.4,mfhhis01.csv
Belgium,2006-05,17.2,mfhhis01.csv
Belgium,2006-06,16.8,mfhhis01.csv
Belgium,2006-07,15.1,mfhhis01.csv
Belgium,2006-08,14.5,mfhhis01.csv
Belgium,2006-09,13.8,mfhhis01.csv
Belgium,2006-10,13.3,mfhhis01.csv
Belgium,2006-11,13.0,mfhhis01.csv
Belgium,2006-12,13.6,mfhhis01.csv
Belgium,2007-01,12.3,mfhhis01.csv
Belgium,2007-02,12.9,mfhhis01.csv
Belgium,2007-03,12.3,mfhhis01.csv
Belgium,2007-04,12.9,mfhhis01.csv
Belgium,2007-05,12.1,mfhhis01.csv
Belgium,2007-06,11.9,mfhhis01.csv
Belgium,2007-07,15.4,mfhhis01.csv
Belgium,2007-08,14.6,mfhhis01.csv
Belgium,2007-09,14.6,mfhhis01.csv
Belgium,2007-10,14.6,mfhhis01.csv
Belgium,2007-11,14.2,mfhhis01.csv
Belgium,2007-12,13.2,mfhhis01.csv
Belgium,2008-01,13.1,mfhhis01.csv
Belgium,2008-02,13.2,mfhhis01.csv
Belgium,2008-03,12.8,mfhhis01.csv
Belgium,2008-04,12.5,mfhhis01.csv
Belgium,2008-05,12.4,mfhhis01.csv
Belgium,2008-06,12.4,mfhhis01.csv
Belgium,2008-07,15.0,mfhhis01.csv
Belgium,2008-08,14.8,mfhhis01.csv
Belgium,2008-09,15.4,mfhhis01.csv
Belgium,2008-10,15.8,mfhhis01.csv
Belgium,2008-11,15.3,mfhhis01.csv
Belgium,2008-12,15.9,mfhhis01.csv
Belgium,2009-01,15.6,mfhhis01.csv
Belgium,2009-02,14.5,mfhhis01.csv
Belgium,2009-03,15.4,mfhhis01.csv
Belgium,2009-04,15.8,mfhhis01.csv
Belgium,2009-05,15.7,mfhhis01.csv
Belgium,2009-06,15.7,mfhhis01.csv
Belgium,2009-07,17.8,mfhhis01.csv
Belgium,2009-08,17.7,mfhhis01.csv
Belgium,2009-09,17.2,mfhhis01.csv
Belgium,2009-10,16.9,mfhhis01.csv
Belgium,2009-11,17.4,mfhhis01.csv
Belgium,2009-12,17.3,mfhhis01.csv
Belgium,2010-01,17.4,mfhhis01.csv
Belgium,2010-02,17.0,mfhhis01.csv
Belgium,2010-03,17.1,mfhhis01.csv
Belgium,2010-04,18.5,mfhhis01.csv
Belgium,2010-05,17.6,mfhhis01.csv
Belgium,2010-06,17.2,mfhhis01.csv
Belgium,2010-07,34.3,mfhhis01.csv
Belgium,2010-08,51.9,mfhhis01.csv
Belgium,2010-09,33.8,mfhhis01.csv
Belgium,2010-10,33.4,mfhhis01.csv
Belgium,2010-11,33.4,mfhhis01.csv
Belgium,2010-12,33.2,mfhhis01.csv
Belgium,2011-01,32.1,mfhhis01.csv
Belgium,2011-02,31.9,mfhhis01.csv
Belgium,2011-03,32.2,mfhhis01.csv
Belgium,2011-04,31.6,mfhhis01.csv
Belgium,2011-05,31.4,mfhhis01.csv
Belgium,2011-06,33.6,mfhhis01.csv
Belgium,2011-07,86.6,mfhhis01.csv
Belgium,2011-08,87.1,mfhhis01.csv
Belgium,2011-09,132.1,mfhhis01.csv
Belgium,2011-10,132.4,mfhhis01.csv
Belgium,2011-11,133.2,mfhhis01.csv
Belgium,2011-12,135.2,mfhhis01.csv
Belgium,2012-01,131.5,mfhhis01.csv
Belgium,2012-02,125.0,mfhhis01.csv
Belgium,2012-03,141.4,mfhhis01.csv
Belgium,2012-04,132.1,mfhhis01.csv
Belgium,2012-05,132.1,mfhhis01.csv
Belgium,2012-06,144.5,mfhhis01.csv
Belgium,2012-07,141.3,mfhhis01.csv
Belgium,2012-08,130.2,mfhhis01.csv
Belgium,2012-09,133.2,mfhhis01.csv
Belgium,2012-10,136.4,mfhhis01.csv
Belgium,2012-11,138.5,mfhhis01.csv
Belgium,2012-12,138.8,mfhhis01.csv
Belgium,2013-01,185.6,mfhhis01.csv
Belgium,2013-02,187.3,mfhhis01.csv
Belgium,2013-03,188.4,mfhhis01.csv
Belgium,2013-04,185.5,mfhhis01.csv
Belgium,2013-05,175.2,mfhhis01.csv
Belgium,2013-06,176.2,mfhhis01.csv
Belgium,2013-07,167.7,mfhhis01.csv
Belgium,2013-08,166.8,mfhhis01.csv
Belgium,2013-09,172.5,mfhhis01.csv
Belgium,2013-10,180.3,mfhhis01.csv
Belgium,2013-11,200.6,mfhhis01.csv
Belgium,2013-12,256.8,mfhhis01.csv
Belgium,2014-01,310.3,mfhhis01.csv
Belgium,2014-02,341.2,mfhhis01.csv
Belgium,2014-03,381.4,mfhhis01.csv
Belgium,2014-04,366.4,mfhhis01.csv
Belgium,2014-05,362.4,mfhhis01.csv
Belgium,2014-06,364.1,mfhhis01.csv
Belgium,2014-07,352.6,mfhhis01.csv
Belgium,2014-08,359.9,mfhhis01.csv
Belgium,2014-09,353.9,mfhhis01.csv
Belgium,2014-10,348.1,mfhhis01.csv
Belgium,2014-11,335.7,mfhhis01.csv
Belgium,2014-12,335.4,mfhhis01.csv
Belgium,2015-01,354.6,mfhhis01.csv
Belgium,2015-02,345.3,mfhhis01.csv
Belgium,2015-03,252.8,mfhhis01.csv
Belgium,2015-04,228.9,mfhhis01.csv
Belgium,2015-05,202.8,mfhhis01.csv
Belgium,2015-06,207.7,mfhhis01.csv
Belgium,2015-07,155.5,mfhhis01.csv
Belgium,2015-08,110.7,mfhhis01.csv
Belgium,2015-09,135.8,mfhhis01.csv
Belgium,2015-10,138.3,mfhhis01.csv
Belgium,2015-11,143.6,mfhhis01.csv
Belgium,2015-12,121.7,mfhhis01.csv
Belgium,2016-01,137.5,mfhhis01.csv
Belgium,2016-02,143.0,mfhhis01.csv
Belgium,2016-03,153.8,mfhhis01.csv
Belgium,2016-04,153.6,mfhhis01.csv
Belgium,2016-05,151.7,mfhhis01.csv
Belgium,2016-06,156.3,mfhhis01.csv
Belgium,2016-07,154.4,mfhhis01.csv
Belgium,2016-08,157.0,mfhhis01.csv
Belgium,2016-09,142.7,mfhhis01.csv
Belgium,2016-10,116.9,mfhhis01.csv
Belgium,2016-11,113.5,mfhhis01.csv
Belgium,2016-12,120.4,mfhhis01.csv
Belgium,2017-01,112.2,mfhhis01.csv
Belgium,2017-02,105.7,mfhhis01.csv
Belgium,2017-03,109.9,mfhhis01.csv
Belgium,2017-04,96.4,mfhhis01.csv
Belgium,2017-05,98.7,mfhhis01.csv
Belgium,2017-06,98.3,mfhhis01.csv
Belgium,2017-07,99.4,mfhhis01.csv
Belgium,2017-08,96.9,mfhhis01.csv
Belgium,2017-09,104.8,mfhhis01.csv
Belgium,2017-10,116.0,mfhhis01.csv
Belgium,2017-11,115.3,mfhhis01.csv
Belgium,2017-12,119.2,mfhhis01.csv
Belgium,2018-01,124.6,mfhhis01.csv
Belgium,2018-02,126.8,mfhhis01.csv
Belgium,2018-03,126.7,mfhhis01.csv
Belgium,2018-04,139.5,mfhhis01.csv
Belgium,2018-05,150.5,mfhhis01.csv
Belgium,2018-06,154.7,mfhhis01.csv
Belgium,2018-07,154.5,mfhhis01.csv
Belgium,2018-08,154.3,mfhhis01.csv
Belgium,2018-09,164.7,mfhhis01.csv
Belgium,2018-10,169.7,mfhhis01.csv
Belgium,2018-11,173.0,mfhhis01.csv
Belgium,2018-12,185.1,mfhhis01.csv
Belgium,2019-01,191.5,mfhhis01.csv
Belgium,2019-02,181.3,mfhhis01.csv
Belgium,2019-03,186.6,mfhhis01.csv
Belgium,2019-04,179.8,mfhhis01.csv
Belgium,2019-05,190.5,mfhhis01.csv
Belgium,2019-06,200.1,mfhhis01.csv
Belgium,2019-07,203.3,mfhhis01.csv
Belgium,2019-08,215.0,mfhhis01.csv
Belgium,2019-09,215.5,mfhhis01.csv
Belgium,2019-10,205.6,mfhhis01.csv
Belgium,2019-11,202.4,mfhhis01.csv
Belgium,2019-12,207.4,mfhhis01.csv
Belgium,2020-01,206.5,mfhhis01.csv
Belgium,2020-02,218.0,mfhhis01.csv
Belgium,2020-03,206.1,mfhhis01.csv
Belgium,2020-04,210.2,mfhhis01.csv
Belgium,2020-05,212.1,mfhhis01.csv
Belgium,2020-06,218.8,mfhhis01.csv
Belgium,2020-07,211.8,mfhhis01.csv
Belgium,2020-08,214.9,mfhhis01.csv
Belgium,2020-09,218.1,mfhhis01.csv
Belgium,2020-10,239.5,mfhhis01.csv
Belgium,2020-11,240.5,mfhhis01.csv
Belgium,2020-12,253.5,mfhhis01.csv
Belgium,2021-01,248.2,mfhhis01.csv
Belgium,2021-02,236.7,mfhhis01.csv
Belgium,2021-03,235.8,mfhhis01.csv
Belgium,2021-04,234.8,mfhhis01.csv
Belgium,2021-05,236.4,mfhhis01.csv
Belgium,2021-06,228.5,mfhhis01.csv
Belgium,2021-07,220.5,mfhhis01.csv
Belgium,2021-08,227.7,mfhhis01.csv
Belgium,2021-09,220.9,mfhhis01.csv
Belgium,2021-10,225.8,mfhhis01.csv
Belgium,2021-11,224.9,mfhhis01.csv
Belgium,2021-12,271.6,mfhhis01.csv
Belgium,2022-01,243.0,mfhhis01.csv
Belgium,2022-02,258.4,mfhhis01.csv
Belgium,2022-03,264.5,mfhhis01.csv
Belgium,2022-04,255.6,mfhhis01.csv
Belgium,2022-05,268.2,mfhhis01.csv
Belgium,2022-06,273.5,mfhhis01.csv
Belgium,2022-07,285.4,mfhhis01.csv
Belgium,2022-08,287.8,mfhhis01.csv
Belgium,2022-09,325.0,mfhhis01.csv
Belgium,2022-10,327.2,mfhhis01.csv
Belgium,2022-11,334.4,mfhhis01.csv
Belgium,2022-12,351.2,mfhhis01.csv
Belgium,2023-01,331.1,mfhhis01.csv
Belgium,2023-02,330.9,mfhhis01.csv
Belgium,2023-03,337.0,mfhhis01.csv
Belgium,2023-04,336.6,mfhhis01.csv
Belgium,2023-05,335.6,mfhhis01.csv
Belgium,2023-06,331.8,mfhhis01.csv
Belgium,2023-07,318.7,mfhhis01.csv
Belgium,2023-08,316.7,mfhhis01.csv
Belgium,2023-09,317.1,mfhhis01.csv
Belgium,2023-10,285.4,mfhhis01.csv
Belgium,2023-11,296.5,mfhhis01.csv
Belgium,2023-12,314.4,mfhhis01.csv
Belgium,2024-01,293.1,mfhhis01.csv
Belgium,2024-02,320.1,mfhhis01.csv
Belgium,2024-03,317.2,mfhhis01.csv
Belgium,2024-04,312.5,mfhhis01.csv
Belgium,2024-05,313.1,mfhhis01.csv
Belgium,2024-06,318.0,mfhhis01.csv
Belgium,2024-07,315.9,mfhhis01.csv
Belgium,2024-08,325.0,mfhhis01.csv
Belgium,2024-09,366.6,mfhhis01.csv
Belgium,2024-10,349.7,mfhhis01.csv
Belgium,2024-11,361.3,mfhhis01.csv
Belgium,2024-12,374.6,mfhhis01.csv
Belgium,2025-01,377.7,mfhhis01.csv
Belgium,2025-02,394.7,mfhhis01.csv
Belgium,2025-03,402.1,mfhhis01.csv
Belgium,2025-04,411.1,mfhhis01.csv
Belgium,2025-05,415.5,mfhhis01.csv
Belgium,2025-06,430.3,mfhhis01.csv
Belgium,2025-07,425.4,mfhhis01.csv
Belgium,2025-08,451.1,mfhhis01.csv
Belgium,2025-09,463.6,mfhhis01.csv
Belgium,2025-10,465.5,mfhhis01.csv
Belgium,2025-11,481.0,mfhhis01.csv
Belgium,2025-12,477.3,mfhhis01.csv
Belgium,2026-01,450.985,slt_table3.txt
Belgium,2026-02,454.7,slt_table3.txt
Belgium,2026-03,454.026,slt_table3.txt
Belgium,2026-04,459.89,slt_table3.txt
Luxembourg,2002-06,23.1,mfhhis01.csv
Luxembourg,2002-07,22.9,mfhhis01.csv
Luxembourg,2002-08,22.8,mfhhis01.csv
Luxembourg,2002-09,23.8,mfhhis01.csv
Luxembourg,2002-10,23.3,mfhhis01.csv
Luxembourg,2002-11,23.7,mfhhis01.csv
Luxembourg,2002-12,23.9,mfhhis01.csv
Luxembourg,2003-01,23.1,mfhhis01.csv
Luxembourg,2003-02,23.4,mfhhis01.csv
Luxembourg,2003-03,23.6,mfhhis01.csv
Luxembourg,2003-04,23.9,mfhhis01.csv
Luxembourg,2003-05,23.5,mfhhis01.csv
Luxembourg,2003-06,23.6,mfhhis01.csv
Luxembourg,2003-07,26.2,mfhhis01.csv
Luxembourg,2003-08,26.8,mfhhis01.csv
Luxembourg,2003-09,26.2,mfhhis01.csv
Luxembourg,2003-10,25.7,mfhhis01.csv
Luxembourg,2003-11,25.8,mfhhis01.csv
Luxembourg,2003-12,25.4,mfhhis01.csv
Luxembourg,2004-01,26.1,mfhhis01.csv
Luxembourg,2004-02,27.7,mfhhis01.csv
Luxembourg,2004-03,27.8,mfhhis01.csv
Luxembourg,2004-04,26.2,mfhhis01.csv
Luxembourg,2004-05,25.5,mfhhis01.csv
Luxembourg,2004-06,27.1,mfhhis01.csv
Luxembourg,2004-07,39.6,mfhhis01.csv
Luxembourg,2004-08,39.7,mfhhis01.csv
Luxembourg,2004-09,39.6,mfhhis01.csv
Luxembourg,2004-10,40.3,mfhhis01.csv
Luxembourg,2004-11,40.5,mfhhis01.csv
Luxembourg,2004-12,41.4,mfhhis01.csv
Luxembourg,2005-01,41.9,mfhhis01.csv
Luxembourg,2005-02,43.2,mfhhis01.csv
Luxembourg,2005-03,42.8,mfhhis01.csv
Luxembourg,2005-04,45.8,mfhhis01.csv
Luxembourg,2005-05,45.0,mfhhis01.csv
Luxembourg,2005-06,43.5,mfhhis01.csv
Luxembourg,2005-07,36.9,mfhhis01.csv
Luxembourg,2005-08,38.2,mfhhis01.csv
Luxembourg,2005-09,37.6,mfhhis01.csv
Luxembourg,2005-10,36.7,mfhhis01.csv
Luxembourg,2005-11,36.6,mfhhis01.csv
Luxembourg,2005-12,35.6,mfhhis01.csv
Luxembourg,2006-01,35.2,mfhhis01.csv
Luxembourg,2006-02,36.2,mfhhis01.csv
Luxembourg,2006-03,36.6,mfhhis01.csv
Luxembourg,2006-04,37.5,mfhhis01.csv
Luxembourg,2006-05,38.4,mfhhis01.csv
Luxembourg,2006-06,37.4,mfhhis01.csv
Luxembourg,2006-07,59.4,mfhhis01.csv
Luxembourg,2006-08,58.4,mfhhis01.csv
Luxembourg,2006-09,58.7,mfhhis01.csv
Luxembourg,2006-10,59.5,mfhhis01.csv
Luxembourg,2006-11,60.5,mfhhis01.csv
Luxembourg,2006-12,60.0,mfhhis01.csv
Luxembourg,2007-01,59.4,mfhhis01.csv
Luxembourg,2007-02,59.8,mfhhis01.csv
Luxembourg,2007-03,61.8,mfhhis01.csv
Luxembourg,2007-04,61.8,mfhhis01.csv
Luxembourg,2007-05,62.2,mfhhis01.csv
Luxembourg,2007-06,62.6,mfhhis01.csv
Luxembourg,2007-07,57.6,mfhhis01.csv
Luxembourg,2007-08,57.1,mfhhis01.csv
Luxembourg,2007-09,58.3,mfhhis01.csv
Luxembourg,2007-10,63.3,mfhhis01.csv
Luxembourg,2007-11,67.9,mfhhis01.csv
Luxembourg,2007-12,69.0,mfhhis01.csv
Luxembourg,2008-01,66.1,mfhhis01.csv
Luxembourg,2008-02,80.3,mfhhis01.csv
Luxembourg,2008-03,89.8,mfhhis01.csv
Luxembourg,2008-04,81.8,mfhhis01.csv
Luxembourg,2008-05,75.2,mfhhis01.csv
Luxembourg,2008-06,83.2,mfhhis01.csv
Luxembourg,2008-07,89.7,mfhhis01.csv
Luxembourg,2008-08,90.4,mfhhis01.csv
Luxembourg,2008-09,104.5,mfhhis01.csv
Luxembourg,2008-10,100.6,mfhhis01.csv
Luxembourg,2008-11,94.2,mfhhis01.csv
Luxembourg,2008-12,97.3,mfhhis01.csv
Luxembourg,2009-01,87.0,mfhhis01.csv
Luxembourg,2009-02,92.1,mfhhis01.csv
Luxembourg,2009-03,106.0,mfhhis01.csv
Luxembourg,2009-04,97.4,mfhhis01.csv
Luxembourg,2009-05,96.2,mfhhis01.csv
Luxembourg,2009-06,104.3,mfhhis01.csv
Luxembourg,2009-07,80.8,mfhhis01.csv
Luxembourg,2009-08,83.0,mfhhis01.csv
Luxembourg,2009-09,87.5,mfhhis01.csv
Luxembourg,2009-10,79.5,mfhhis01.csv
Luxembourg,2009-11,80.2,mfhhis01.csv
Luxembourg,2009-12,88.4,mfhhis01.csv
Luxembourg,2010-01,79.1,mfhhis01.csv
Luxembourg,2010-02,77.8,mfhhis01.csv
Luxembourg,2010-03,83.9,mfhhis01.csv
Luxembourg,2010-04,76.9,mfhhis01.csv
Luxembourg,2010-05,75.6,mfhhis01.csv
Luxembourg,2010-06,96.6,mfhhis01.csv
Luxembourg,2010-07,93.4,mfhhis01.csv
Luxembourg,2010-08,74.0,mfhhis01.csv
Luxembourg,2010-09,80.8,mfhhis01.csv
Luxembourg,2010-10,73.2,mfhhis01.csv
Luxembourg,2010-11,76.8,mfhhis01.csv
Luxembourg,2010-12,83.5,mfhhis01.csv
Luxembourg,2011-01,79.1,mfhhis01.csv
Luxembourg,2011-02,77.2,mfhhis01.csv
Luxembourg,2011-03,79.8,mfhhis01.csv
Luxembourg,2011-04,76.2,mfhhis01.csv
Luxembourg,2011-05,66.7,mfhhis01.csv
Luxembourg,2011-06,69.0,mfhhis01.csv
Luxembourg,2011-07,114.1,mfhhis01.csv
Luxembourg,2011-08,114.7,mfhhis01.csv
Luxembourg,2011-09,128.0,mfhhis01.csv
Luxembourg,2011-10,126.6,mfhhis01.csv
Luxembourg,2011-11,127.2,mfhhis01.csv
Luxembourg,2011-12,147.5,mfhhis01.csv
Luxembourg,2012-01,136.5,mfhhis01.csv
Luxembourg,2012-02,137.1,mfhhis01.csv
Luxembourg,2012-03,137.5,mfhhis01.csv
Luxembourg,2012-04,128.9,mfhhis01.csv
Luxembourg,2012-05,131.2,mfhhis01.csv
Luxembourg,2012-06,137.7,mfhhis01.csv
Luxembourg,2012-07,134.8,mfhhis01.csv
Luxembourg,2012-08,138.6,mfhhis01.csv
Luxembourg,2012-09,147.5,mfhhis01.csv
Luxembourg,2012-10,144.3,mfhhis01.csv
Luxembourg,2012-11,148.0,mfhhis01.csv
Luxembourg,2012-12,154.7,mfhhis01.csv
Luxembourg,2013-01,147.6,mfhhis01.csv
Luxembourg,2013-02,151.2,mfhhis01.csv
Luxembourg,2013-03,154.5,mfhhis01.csv
Luxembourg,2013-04,149.7,mfhhis01.csv
Luxembourg,2013-05,143.2,mfhhis01.csv
Luxembourg,2013-06,150.5,mfhhis01.csv
Luxembourg,2013-07,146.8,mfhhis01.csv
Luxembourg,2013-08,143.8,mfhhis01.csv
Luxembourg,2013-09,141.1,mfhhis01.csv
Luxembourg,2013-10,133.3,mfhhis01.csv
Luxembourg,2013-11,130.4,mfhhis01.csv
Luxembourg,2013-12,134.6,mfhhis01.csv
Luxembourg,2014-01,135.5,mfhhis01.csv
Luxembourg,2014-02,136.9,mfhhis01.csv
Luxembourg,2014-03,144.8,mfhhis01.csv
Luxembourg,2014-04,141.2,mfhhis01.csv
Luxembourg,2014-05,141.5,mfhhis01.csv
Luxembourg,2014-06,145.3,mfhhis01.csv
Luxembourg,2014-07,145.6,mfhhis01.csv
Luxembourg,2014-08,150.5,mfhhis01.csv
Luxembourg,2014-09,156.1,mfhhis01.csv
Luxembourg,2014-10,162.5,mfhhis01.csv
Luxembourg,2014-11,166.6,mfhhis01.csv
Luxembourg,2014-12,171.8,mfhhis01.csv
Luxembourg,2015-01,176.0,mfhhis01.csv
Luxembourg,2015-02,179.2,mfhhis01.csv
Luxembourg,2015-03,176.7,mfhhis01.csv
Luxembourg,2015-04,171.0,mfhhis01.csv
Luxembourg,2015-05,177.0,mfhhis01.csv
Luxembourg,2015-06,183.4,mfhhis01.csv
Luxembourg,2015-07,185.2,mfhhis01.csv
Luxembourg,2015-08,184.8,mfhhis01.csv
Luxembourg,2015-09,191.0,mfhhis01.csv
Luxembourg,2015-10,188.2,mfhhis01.csv
Luxembourg,2015-11,193.0,mfhhis01.csv
Luxembourg,2015-12,199.6,mfhhis01.csv
Luxembourg,2016-01,200.6,mfhhis01.csv
Luxembourg,2016-02,209.1,mfhhis01.csv
Luxembourg,2016-03,221.6,mfhhis01.csv
Luxembourg,2016-04,221.7,mfhhis01.csv
Luxembourg,2016-05,222.5,mfhhis01.csv
Luxembourg,2016-06,225.2,mfhhis01.csv
Luxembourg,2016-07,224.2,mfhhis01.csv
Luxembourg,2016-08,220.7,mfhhis01.csv
Luxembourg,2016-09,228.3,mfhhis01.csv
Luxembourg,2016-10,217.8,mfhhis01.csv
Luxembourg,2016-11,222.4,mfhhis01.csv
Luxembourg,2016-12,224.3,mfhhis01.csv
Luxembourg,2017-01,218.9,mfhhis01.csv
Luxembourg,2017-02,217.8,mfhhis01.csv
Luxembourg,2017-03,218.3,mfhhis01.csv
Luxembourg,2017-04,212.1,mfhhis01.csv
Luxembourg,2017-05,208.0,mfhhis01.csv
Luxembourg,2017-06,211.6,mfhhis01.csv
Luxembourg,2017-07,213.0,mfhhis01.csv
Luxembourg,2017-08,213.3,mfhhis01.csv
Luxembourg,2017-09,213.9,mfhhis01.csv
Luxembourg,2017-10,217.9,mfhhis01.csv
Luxembourg,2017-11,218.3,mfhhis01.csv
Luxembourg,2017-12,217.6,mfhhis01.csv
Luxembourg,2018-01,220.9,mfhhis01.csv
Luxembourg,2018-02,218.6,mfhhis01.csv
Luxembourg,2018-03,221.5,mfhhis01.csv
Luxembourg,2018-04,213.8,mfhhis01.csv
Luxembourg,2018-05,208.9,mfhhis01.csv
Luxembourg,2018-06,220.9,mfhhis01.csv
Luxembourg,2018-07,221.5,mfhhis01.csv
Luxembourg,2018-08,224.0,mfhhis01.csv
Luxembourg,2018-09,227.2,mfhhis01.csv
Luxembourg,2018-10,225.4,mfhhis01.csv
Luxembourg,2018-11,225.7,mfhhis01.csv
Luxembourg,2018-12,230.5,mfhhis01.csv
Luxembourg,2019-01,226.7,mfhhis01.csv
Luxembourg,2019-02,228.9,mfhhis01.csv
Luxembourg,2019-03,230.2,mfhhis01.csv
Luxembourg,2019-04,223.7,mfhhis01.csv
Luxembourg,2019-05,229.6,mfhhis01.csv
Luxembourg,2019-06,230.5,mfhhis01.csv
Luxembourg,2019-07,229.2,mfhhis01.csv
Luxembourg,2019-08,244.2,mfhhis01.csv
Luxembourg,2019-09,252.3,mfhhis01.csv
Luxembourg,2019-10,263.0,mfhhis01.csv
Luxembourg,2019-11,261.9,mfhhis01.csv
Luxembourg,2019-12,254.6,mfhhis01.csv
Luxembourg,2020-01,255.2,mfhhis01.csv
Luxembourg,2020-02,260.8,mfhhis01.csv
Luxembourg,2020-03,246.1,mfhhis01.csv
Luxembourg,2020-04,265.5,mfhhis01.csv
Luxembourg,2020-05,262.7,mfhhis01.csv
Luxembourg,2020-06,267.3,mfhhis01.csv
Luxembourg,2020-07,264.7,mfhhis01.csv
Luxembourg,2020-08,268.8,mfhhis01.csv
Luxembourg,2020-09,262.5,mfhhis01.csv
Luxembourg,2020-10,266.2,mfhhis01.csv
Luxembourg,2020-11,267.8,mfhhis01.csv
Luxembourg,2020-12,287.7,mfhhis01.csv
Luxembourg,2021-01,280.9,mfhhis01.csv
Luxembourg,2021-02,282.1,mfhhis01.csv
Luxembourg,2021-03,282.8,mfhhis01.csv
Luxembourg,2021-04,290.4,mfhhis01.csv
Luxembourg,2021-05,287.6,mfhhis01.csv
Luxembourg,2021-06,302.1,mfhhis01.csv
Luxembourg,2021-07,291.7,mfhhis01.csv
Luxembourg,2021-08,294.2,mfhhis01.csv
Luxembourg,2021-09,312.0,mfhhis01.csv
Luxembourg,2021-10,314.3,mfhhis01.csv
Luxembourg,2021-11,333.3,mfhhis01.csv
Luxembourg,2021-12,327.8,mfhhis01.csv
Luxembourg,2022-01,313.0,mfhhis01.csv
Luxembourg,2022-02,316.4,mfhhis01.csv
Luxembourg,2022-03,303.2,mfhhis01.csv
Luxembourg,2022-04,296.2,mfhhis01.csv
Luxembourg,2022-05,296.5,mfhhis01.csv
Luxembourg,2022-06,309.3,mfhhis01.csv
Luxembourg,2022-07,306.5,mfhhis01.csv
Luxembourg,2022-08,308.4,mfhhis01.csv
Luxembourg,2022-09,299.9,mfhhis01.csv
Luxembourg,2022-10,298.4,mfhhis01.csv
Luxembourg,2022-11,311.3,mfhhis01.csv
Luxembourg,2022-12,329.3,mfhhis01.csv
Luxembourg,2023-01,318.2,mfhhis01.csv
Luxembourg,2023-02,327.2,mfhhis01.csv
Luxembourg,2023-03,328.6,mfhhis01.csv
Luxembourg,2023-04,332.3,mfhhis01.csv
Luxembourg,2023-05,331.5,mfhhis01.csv
Luxembourg,2023-06,330.7,mfhhis01.csv
Luxembourg,2023-07,352.0,mfhhis01.csv
Luxembourg,2023-08,365.8,mfhhis01.csv
Luxembourg,2023-09,373.7,mfhhis01.csv
Luxembourg,2023-10,345.4,mfhhis01.csv
Luxembourg,2023-11,371.3,mfhhis01.csv
Luxembourg,2023-12,339.9,mfhhis01.csv
Luxembourg,2024-01,348.1,mfhhis01.csv
Luxembourg,2024-02,355.8,mfhhis01.csv
Luxembourg,2024-03,366.2,mfhhis01.csv
Luxembourg,2024-04,359.2,mfhhis01.csv
Luxembourg,2024-05,367.3,mfhhis01.csv
Luxembourg,2024-06,374.2,mfhhis01.csv
Luxembourg,2024-07,389.3,mfhhis01.csv
Luxembourg,2024-08,395.7,mfhhis01.csv
Luxembourg,2024-09,407.2,mfhhis01.csv
Luxembourg,2024-10,413.5,mfhhis01.csv
Luxembourg,2024-11,417.8,mfhhis01.csv
Luxembourg,2024-12,423.9,mfhhis01.csv
Luxembourg,2025-01,409.9,mfhhis01.csv
Luxembourg,2025-02,412.4,mfhhis01.csv
Luxembourg,2025-03,412.4,mfhhis01.csv
Luxembourg,2025-04,410.9,mfhhis01.csv
Luxembourg,2025-05,412.6,mfhhis01.csv
Luxembourg,2025-06,403.2,mfhhis01.csv
Luxembourg,2025-07,403.8,mfhhis01.csv
Luxembourg,2025-08,409.9,mfhhis01.csv
Luxembourg,2025-09,420.1,mfhhis01.csv
Luxembourg,2025-10,418.0,mfhhis01.csv
Luxembourg,2025-11,424.7,mfhhis01.csv
Luxembourg,2025-12,434.2,mfhhis01.csv
Luxembourg,2026-01,446.007,slt_table3.txt
Luxembourg,2026-02,445.702,slt_table3.txt
Luxembourg,2026-03,431.988,slt_table3.txt
Luxembourg,2026-04,431.128,slt_table3.txt
India,2002-01,5.8,mfhhis01.csv
India,2002-02,5.4,mfhhis01.csv
India,2002-03,6.3,mfhhis01.csv
India,2002-04,5.4,mfhhis01.csv
India,2002-05,6.3,mfhhis01.csv
India,2002-06,8.8,mfhhis01.csv
India,2002-07,9.3,mfhhis01.csv
India,2002-08,9.6,mfhhis01.csv
India,2002-09,8.1,mfhhis01.csv
India,2002-10,7.9,mfhhis01.csv
India,2002-11,9.0,mfhhis01.csv
India,2002-12,9.2,mfhhis01.csv
India,2003-01,8.6,mfhhis01.csv
India,2003-02,9.5,mfhhis01.csv
India,2003-03,9.7,mfhhis01.csv
India,2003-04,10.6,mfhhis01.csv
India,2003-05,10.9,mfhhis01.csv
India,2003-06,9.2,mfhhis01.csv
India,2003-07,11.3,mfhhis01.csv
India,2003-08,13.7,mfhhis01.csv
India,2003-09,13.5,mfhhis01.csv
India,2003-10,14.9,mfhhis01.csv
India,2003-11,16.1,mfhhis01.csv
India,2003-12,16.7,mfhhis01.csv
India,2004-01,15.7,mfhhis01.csv
India,2004-02,13.5,mfhhis01.csv
India,2004-03,13.8,mfhhis01.csv
India,2004-04,16.2,mfhhis01.csv
India,2004-05,16.1,mfhhis01.csv
India,2004-06,16.1,mfhhis01.csv
India,2004-07,17.2,mfhhis01.csv
India,2004-08,16.3,mfhhis01.csv
India,2004-09,14.9,mfhhis01.csv
India,2004-10,16.0,mfhhis01.csv
India,2004-11,15.5,mfhhis01.csv
India,2004-12,15.0,mfhhis01.csv
India,2006-01,10.3,mfhhis01.csv
India,2006-02,10.0,mfhhis01.csv
India,2006-03,11.2,mfhhis01.csv
India,2006-04,12.3,mfhhis01.csv
India,2006-05,12.2,mfhhis01.csv
India,2006-06,12.5,mfhhis01.csv
India,2006-07,14.0,mfhhis01.csv
India,2006-08,13.5,mfhhis01.csv
India,2006-09,11.2,mfhhis01.csv
India,2006-10,12.0,mfhhis01.csv
India,2006-11,13.9,mfhhis01.csv
India,2006-12,14.6,mfhhis01.csv
India,2007-01,15.8,mfhhis01.csv
India,2007-02,19.5,mfhhis01.csv
India,2007-03,20.1,mfhhis01.csv
India,2007-04,20.0,mfhhis01.csv
India,2007-05,15.3,mfhhis01.csv
India,2007-06,12.8,mfhhis01.csv
India,2007-07,14.1,mfhhis01.csv
India,2007-08,12.1,mfhhis01.csv
India,2007-09,10.8,mfhhis01.csv
India,2007-10,14.9,mfhhis01.csv
India,2007-11,14.8,mfhhis01.csv
India,2007-12,14.9,mfhhis01.csv
India,2008-01,14.6,mfhhis01.csv
India,2008-02,14.4,mfhhis01.csv
India,2008-03,11.8,mfhhis01.csv
India,2008-04,10.5,mfhhis01.csv
India,2008-05,10.3,mfhhis01.csv
India,2008-06,11.7,mfhhis01.csv
India,2008-07,19.0,mfhhis01.csv
India,2008-08,20.2,mfhhis01.csv
India,2008-09,20.3,mfhhis01.csv
India,2008-10,18.3,mfhhis01.csv
India,2008-11,22.3,mfhhis01.csv
India,2008-12,29.2,mfhhis01.csv
India,2009-01,32.5,mfhhis01.csv
India,2009-02,34.6,mfhhis01.csv
India,2009-03,38.2,mfhhis01.csv
India,2009-04,38.5,mfhhis01.csv
India,2009-05,38.8,mfhhis01.csv
India,2009-06,39.3,mfhhis01.csv
India,2009-07,41.8,mfhhis01.csv
India,2009-08,41.5,mfhhis01.csv
India,2009-09,38.8,mfhhis01.csv
India,2009-10,35.8,mfhhis01.csv
India,2009-11,34.5,mfhhis01.csv
India,2009-12,32.5,mfhhis01.csv
India,2010-01,32.7,mfhhis01.csv
India,2010-02,31.6,mfhhis01.csv
India,2010-03,32.0,mfhhis01.csv
India,2010-04,31.0,mfhhis01.csv
India,2010-05,29.3,mfhhis01.csv
India,2010-06,36.4,mfhhis01.csv
India,2010-07,38.4,mfhhis01.csv
India,2010-08,37.9,mfhhis01.csv
India,2010-09,40.0,mfhhis01.csv
India,2010-10,40.1,mfhhis01.csv
India,2010-11,39.7,mfhhis01.csv
India,2010-12,40.5,mfhhis01.csv
India,2011-01,40.6,mfhhis01.csv
India,2011-02,40.3,mfhhis01.csv
India,2011-03,39.8,mfhhis01.csv
India,2011-04,42.1,mfhhis01.csv
India,2011-05,41.0,mfhhis01.csv
India,2011-06,38.9,mfhhis01.csv
India,2011-07,40.3,mfhhis01.csv
India,2011-08,40.1,mfhhis01.csv
India,2011-09,41.2,mfhhis01.csv
India,2011-10,40.1,mfhhis01.csv
India,2011-11,38.4,mfhhis01.csv
India,2011-12,43.5,mfhhis01.csv
India,2012-01,42.8,mfhhis01.csv
India,2012-02,44.1,mfhhis01.csv
India,2012-03,46.7,mfhhis01.csv
India,2012-04,49.3,mfhhis01.csv
India,2012-05,50.0,mfhhis01.csv
India,2012-06,53.8,mfhhis01.csv
India,2012-07,59.3,mfhhis01.csv
India,2012-08,60.6,mfhhis01.csv
India,2012-09,59.7,mfhhis01.csv
India,2012-10,59.6,mfhhis01.csv
India,2012-11,58.8,mfhhis01.csv
India,2012-12,59.5,mfhhis01.csv
India,2013-01,58.5,mfhhis01.csv
India,2013-02,56.8,mfhhis01.csv
India,2013-03,55.0,mfhhis01.csv
India,2013-04,55.8,mfhhis01.csv
India,2013-05,59.9,mfhhis01.csv
India,2013-06,61.2,mfhhis01.csv
India,2013-07,58.9,mfhhis01.csv
India,2013-08,57.0,mfhhis01.csv
India,2013-09,56.8,mfhhis01.csv
India,2013-10,59.9,mfhhis01.csv
India,2013-11,63.9,mfhhis01.csv
India,2013-12,68.5,mfhhis01.csv
India,2014-01,68.1,mfhhis01.csv
India,2014-02,67.0,mfhhis01.csv
India,2014-03,70.2,mfhhis01.csv
India,2014-04,68.7,mfhhis01.csv
India,2014-05,70.1,mfhhis01.csv
India,2014-06,72.9,mfhhis01.csv
India,2014-07,79.7,mfhhis01.csv
India,2014-08,80.4,mfhhis01.csv
India,2014-09,80.0,mfhhis01.csv
India,2014-10,77.5,mfhhis01.csv
India,2014-11,80.5,mfhhis01.csv
India,2014-12,83.0,mfhhis01.csv
India,2015-01,91.2,mfhhis01.csv
India,2015-02,101.7,mfhhis01.csv
India,2015-03,107.7,mfhhis01.csv
India,2015-04,110.3,mfhhis01.csv
India,2015-05,114.0,mfhhis01.csv
India,2015-06,117.0,mfhhis01.csv
India,2015-07,116.4,mfhhis01.csv
India,2015-08,115.6,mfhhis01.csv
India,2015-09,113.5,mfhhis01.csv
India,2015-10,116.6,mfhhis01.csv
India,2015-11,115.4,mfhhis01.csv
India,2015-12,116.8,mfhhis01.csv
India,2016-01,119.8,mfhhis01.csv
India,2016-02,118.8,mfhhis01.csv
India,2016-03,118.9,mfhhis01.csv
India,2016-04,121.6,mfhhis01.csv
India,2016-05,118.0,mfhhis01.csv
India,2016-06,117.2,mfhhis01.csv
India,2016-07,123.7,mfhhis01.csv
India,2016-08,122.9,mfhhis01.csv
India,2016-09,122.7,mfhhis01.csv
India,2016-10,123.0,mfhhis01.csv
India,2016-11,118.7,mfhhis01.csv
India,2016-12,118.2,mfhhis01.csv
India,2017-01,113.7,mfhhis01.csv
India,2017-02,112.3,mfhhis01.csv
India,2017-03,117.1,mfhhis01.csv
India,2017-04,124.1,mfhhis01.csv
India,2017-05,127.3,mfhhis01.csv
India,2017-06,130.3,mfhhis01.csv
India,2017-07,135.7,mfhhis01.csv
India,2017-08,138.9,mfhhis01.csv
India,2017-09,145.1,mfhhis01.csv
India,2017-10,141.4,mfhhis01.csv
India,2017-11,140.8,mfhhis01.csv
India,2017-12,144.7,mfhhis01.csv
India,2018-01,148.6,mfhhis01.csv
India,2018-02,152.9,mfhhis01.csv
India,2018-03,157.0,mfhhis01.csv
India,2018-04,152.8,mfhhis01.csv
India,2018-05,148.9,mfhhis01.csv
India,2018-06,147.3,mfhhis01.csv
India,2018-07,142.6,mfhhis01.csv
India,2018-08,140.6,mfhhis01.csv
India,2018-09,144.0,mfhhis01.csv
India,2018-10,138.2,mfhhis01.csv
India,2018-11,138.5,mfhhis01.csv
India,2018-12,141.3,mfhhis01.csv
India,2019-01,144.9,mfhhis01.csv
India,2019-02,144.3,mfhhis01.csv
India,2019-03,152.0,mfhhis01.csv
India,2019-04,155.3,mfhhis01.csv
India,2019-05,156.9,mfhhis01.csv
India,2019-06,162.7,mfhhis01.csv
India,2019-07,159.9,mfhhis01.csv
India,2019-08,162.2,mfhhis01.csv
India,2019-09,160.7,mfhhis01.csv
India,2019-10,161.4,mfhhis01.csv
India,2019-11,159.2,mfhhis01.csv
India,2019-12,162.0,mfhhis01.csv
India,2020-01,164.3,mfhhis01.csv
India,2020-02,177.5,mfhhis01.csv
India,2020-03,156.5,mfhhis01.csv
India,2020-04,157.4,mfhhis01.csv
India,2020-05,169.9,mfhhis01.csv
India,2020-06,182.7,mfhhis01.csv
India,2020-07,194.6,mfhhis01.csv
India,2020-08,196.5,mfhhis01.csv
India,2020-09,213.5,mfhhis01.csv
India,2020-10,222.4,mfhhis01.csv
India,2020-11,220.2,mfhhis01.csv
India,2020-12,216.2,mfhhis01.csv
India,2021-01,211.6,mfhhis01.csv
India,2021-02,204.4,mfhhis01.csv
India,2021-03,200.0,mfhhis01.csv
India,2021-04,208.7,mfhhis01.csv
India,2021-05,215.8,mfhhis01.csv
India,2021-06,220.2,mfhhis01.csv
India,2021-07,219.2,mfhhis01.csv
India,2021-08,217.0,mfhhis01.csv
India,2021-09,218.4,mfhhis01.csv
India,2021-10,210.7,mfhhis01.csv
India,2021-11,205.2,mfhhis01.csv
India,2021-12,198.9,mfhhis01.csv
India,2022-01,198.6,mfhhis01.csv
India,2022-02,199.8,mfhhis01.csv
India,2022-03,199.8,mfhhis01.csv
India,2022-04,199.0,mfhhis01.csv
India,2022-05,203.7,mfhhis01.csv
India,2022-06,208.8,mfhhis01.csv
India,2022-07,212.0,mfhhis01.csv
India,2022-08,221.2,mfhhis01.csv
India,2022-09,212.6,mfhhis01.csv
India,2022-10,213.0,mfhhis01.csv
India,2022-11,219.0,mfhhis01.csv
India,2022-12,224.1,mfhhis01.csv
India,2023-01,232.0,mfhhis01.csv
India,2023-02,231.2,mfhhis01.csv
India,2023-03,237.9,mfhhis01.csv
India,2023-04,238.7,mfhhis01.csv
India,2023-05,238.3,mfhhis01.csv
India,2023-06,235.4,mfhhis01.csv
India,2023-07,233.1,mfhhis01.csv
India,2023-08,232.5,mfhhis01.csv
India,2023-09,229.1,mfhhis01.csv
India,2023-10,222.0,mfhhis01.csv
India,2023-11,224.9,mfhhis01.csv
India,2023-12,233.7,mfhhis01.csv
India,2024-01,236.1,mfhhis01.csv
India,2024-02,234.7,mfhhis01.csv
India,2024-03,240.6,mfhhis01.csv
India,2024-04,233.5,mfhhis01.csv
India,2024-05,237.8,mfhhis01.csv
India,2024-06,241.9,mfhhis01.csv
India,2024-07,238.8,mfhhis01.csv
India,2024-08,245.9,mfhhis01.csv
India,2024-09,247.2,mfhhis01.csv
India,2024-10,241.4,mfhhis01.csv
India,2024-11,234.0,mfhhis01.csv
India,2024-12,219.1,mfhhis01.csv
India,2025-01,225.7,mfhhis01.csv
India,2025-02,228.0,mfhhis01.csv
India,2025-03,239.9,mfhhis01.csv
India,2025-04,232.5,mfhhis01.csv
India,2025-05,235.3,mfhhis01.csv
India,2025-06,227.4,mfhhis01.csv
India,2025-07,219.7,mfhhis01.csv
India,2025-08,219.4,mfhhis01.csv
India,2025-09,202.7,mfhhis01.csv
India,2025-10,190.7,mfhhis01.csv
India,2025-11,186.5,mfhhis01.csv
India,2025-12,182.9,mfhhis01.csv
India,2026-01,190.434,slt_table3.txt
India,2026-02,190.607,slt_table3.txt
India,2026-03,183.04,slt_table3.txt
India,2026-04,181.008,slt_table3.txt
Turkey,2002-01,8.2,mfhhis01.csv
Turkey,2002-02,10.4,mfhhis01.csv
Turkey,2002-03,10.2,mfhhis01.csv
Turkey,2002-04,11.1,mfhhis01.csv
Turkey,2002-05,10.5,mfhhis01.csv
Turkey,2002-06,10.0,mfhhis01.csv
Turkey,2002-07,11.0,mfhhis01.csv
Turkey,2002-08,12.2,mfhhis01.csv
Turkey,2002-09,12.4,mfhhis01.csv
Turkey,2002-10,12.1,mfhhis01.csv
Turkey,2002-11,12.8,mfhhis01.csv
Turkey,2002-12,13.5,mfhhis01.csv
Turkey,2003-01,13.2,mfhhis01.csv
Turkey,2003-02,12.9,mfhhis01.csv
Turkey,2003-03,11.9,mfhhis01.csv
Turkey,2003-04,11.0,mfhhis01.csv
Turkey,2003-05,11.8,mfhhis01.csv
Turkey,2003-06,12.5,mfhhis01.csv
Turkey,2003-07,15.3,mfhhis01.csv
Turkey,2003-08,16.4,mfhhis01.csv
Turkey,2003-09,19.1,mfhhis01.csv
Turkey,2003-10,16.6,mfhhis01.csv
Turkey,2003-11,15.5,mfhhis01.csv
Turkey,2003-12,15.7,mfhhis01.csv
Turkey,2004-01,14.5,mfhhis01.csv
Turkey,2004-02,14.2,mfhhis01.csv
Turkey,2004-03,14.9,mfhhis01.csv
Turkey,2004-04,16.3,mfhhis01.csv
Turkey,2004-05,15.7,mfhhis01.csv
Turkey,2004-06,15.0,mfhhis01.csv
Turkey,2004-07,15.1,mfhhis01.csv
Turkey,2004-08,16.5,mfhhis01.csv
Turkey,2004-09,16.9,mfhhis01.csv
Turkey,2004-10,16.1,mfhhis01.csv
Turkey,2004-11,14.5,mfhhis01.csv
Turkey,2004-12,12.0,mfhhis01.csv
Turkey,2005-01,12.9,mfhhis01.csv
Turkey,2005-02,10.4,mfhhis01.csv
Turkey,2005-03,11.4,mfhhis01.csv
Turkey,2005-04,10.7,mfhhis01.csv
Turkey,2005-05,10.1,mfhhis01.csv
Turkey,2005-06,13.8,mfhhis01.csv
Turkey,2005-07,16.6,mfhhis01.csv
Turkey,2005-08,15.5,mfhhis01.csv
Turkey,2005-09,14.6,mfhhis01.csv
Turkey,2005-10,15.7,mfhhis01.csv
Turkey,2005-11,18.5,mfhhis01.csv
Turkey,2005-12,17.4,mfhhis01.csv
Turkey,2006-01,18.9,mfhhis01.csv
Turkey,2006-02,21.6,mfhhis01.csv
Turkey,2006-03,21.0,mfhhis01.csv
Turkey,2006-04,21.6,mfhhis01.csv
Turkey,2006-05,21.5,mfhhis01.csv
Turkey,2006-06,19.1,mfhhis01.csv
Turkey,2006-07,22.5,mfhhis01.csv
Turkey,2006-08,24.0,mfhhis01.csv
Turkey,2006-09,23.6,mfhhis01.csv
Turkey,2006-10,22.3,mfhhis01.csv
Turkey,2006-11,23.4,mfhhis01.csv
Turkey,2006-12,23.0,mfhhis01.csv
Turkey,2007-01,25.0,mfhhis01.csv
Turkey,2007-02,25.4,mfhhis01.csv
Turkey,2007-03,27.6,mfhhis01.csv
Turkey,2007-04,26.2,mfhhis01.csv
Turkey,2007-05,27.0,mfhhis01.csv
Turkey,2007-06,27.1,mfhhis01.csv
Turkey,2007-07,28.5,mfhhis01.csv
Turkey,2007-08,29.2,mfhhis01.csv
Turkey,2007-09,28.2,mfhhis01.csv
Turkey,2007-10,28.1,mfhhis01.csv
Turkey,2007-11,25.6,mfhhis01.csv
Turkey,2007-12,25.6,mfhhis01.csv
Turkey,2008-01,28.2,mfhhis01.csv
Turkey,2008-02,28.5,mfhhis01.csv
Turkey,2008-03,28.7,mfhhis01.csv
Turkey,2008-04,31.1,mfhhis01.csv
Turkey,2008-05,28.9,mfhhis01.csv
Turkey,2008-06,30.3,mfhhis01.csv
Turkey,2008-07,32.7,mfhhis01.csv
Turkey,2008-08,34.3,mfhhis01.csv
Turkey,2008-09,31.5,mfhhis01.csv
Turkey,2008-10,27.3,mfhhis01.csv
Turkey,2008-11,28.4,mfhhis01.csv
Turkey,2008-12,30.2,mfhhis01.csv
Turkey,2009-01,30.8,mfhhis01.csv
Turkey,2009-02,31.9,mfhhis01.csv
Turkey,2009-03,29.7,mfhhis01.csv
Turkey,2009-04,26.6,mfhhis01.csv
Turkey,2009-05,28.3,mfhhis01.csv
Turkey,2009-06,26.9,mfhhis01.csv
Turkey,2009-07,27.1,mfhhis01.csv
Turkey,2009-08,28.5,mfhhis01.csv
Turkey,2009-09,28.1,mfhhis01.csv
Turkey,2009-10,30.3,mfhhis01.csv
Turkey,2009-11,29.4,mfhhis01.csv
Turkey,2009-12,28.1,mfhhis01.csv
Turkey,2010-01,27.5,mfhhis01.csv
Turkey,2010-02,27.3,mfhhis01.csv
Turkey,2010-03,28.7,mfhhis01.csv
Turkey,2010-04,27.9,mfhhis01.csv
Turkey,2010-05,27.6,mfhhis01.csv
Turkey,2010-06,25.5,mfhhis01.csv
Turkey,2010-07,26.7,mfhhis01.csv
Turkey,2010-08,29.7,mfhhis01.csv
Turkey,2010-09,27.8,mfhhis01.csv
Turkey,2010-10,27.8,mfhhis01.csv
Turkey,2010-11,29.1,mfhhis01.csv
Turkey,2010-12,28.9,mfhhis01.csv
Turkey,2011-01,32.9,mfhhis01.csv
Turkey,2011-02,34.3,mfhhis01.csv
Turkey,2011-03,36.2,mfhhis01.csv
Turkey,2011-04,37.9,mfhhis01.csv
Turkey,2011-05,39.3,mfhhis01.csv
Turkey,2011-06,41.9,mfhhis01.csv
Turkey,2011-07,42.8,mfhhis01.csv
Turkey,2011-08,40.1,mfhhis01.csv
Turkey,2011-09,40.7,mfhhis01.csv
Turkey,2011-10,40.5,mfhhis01.csv
Turkey,2011-11,40.2,mfhhis01.csv
Turkey,2011-12,32.0,mfhhis01.csv
Turkey,2012-01,27.4,mfhhis01.csv
Turkey,2012-02,30.1,mfhhis01.csv
Turkey,2012-03,30.4,mfhhis01.csv
Turkey,2012-04,28.1,mfhhis01.csv
Turkey,2012-05,27.1,mfhhis01.csv
Turkey,2012-06,29.1,mfhhis01.csv
Turkey,2012-07,30.3,mfhhis01.csv
Turkey,2012-08,34.6,mfhhis01.csv
Turkey,2012-09,42.6,mfhhis01.csv
Turkey,2012-10,51.6,mfhhis01.csv
Turkey,2012-11,55.6,mfhhis01.csv
Turkey,2012-12,57.6,mfhhis01.csv
Turkey,2013-01,57.7,mfhhis01.csv
Turkey,2013-02,55.9,mfhhis01.csv
Turkey,2013-03,56.7,mfhhis01.csv
Turkey,2013-04,60.4,mfhhis01.csv
Turkey,2013-05,60.2,mfhhis01.csv
Turkey,2013-06,59.1,mfhhis01.csv
Turkey,2013-07,55.0,mfhhis01.csv
Turkey,2013-08,58.4,mfhhis01.csv
Turkey,2013-09,54.3,mfhhis01.csv
Turkey,2013-10,51.5,mfhhis01.csv
Turkey,2013-11,53.4,mfhhis01.csv
Turkey,2013-12,52.2,mfhhis01.csv
Turkey,2014-01,48.9,mfhhis01.csv
Turkey,2014-02,49.6,mfhhis01.csv
Turkey,2014-03,50.9,mfhhis01.csv
Turkey,2014-04,50.5,mfhhis01.csv
Turkey,2014-05,53.2,mfhhis01.csv
Turkey,2014-06,52.8,mfhhis01.csv
Turkey,2014-07,54.9,mfhhis01.csv
Turkey,2014-08,73.4,mfhhis01.csv
Turkey,2014-09,74.7,mfhhis01.csv
Turkey,2014-10,75.7,mfhhis01.csv
Turkey,2014-11,80.5,mfhhis01.csv
Turkey,2014-12,77.0,mfhhis01.csv
Turkey,2015-01,82.4,mfhhis01.csv
Turkey,2015-02,79.5,mfhhis01.csv
Turkey,2015-03,76.2,mfhhis01.csv
Turkey,2015-04,77.8,mfhhis01.csv
Turkey,2015-05,78.5,mfhhis01.csv
Turkey,2015-06,75.8,mfhhis01.csv
Turkey,2015-07,75.4,mfhhis01.csv
Turkey,2015-08,72.9,mfhhis01.csv
Turkey,2015-09,68.9,mfhhis01.csv
Turkey,2015-10,61.9,mfhhis01.csv
Turkey,2015-11,67.1,mfhhis01.csv
Turkey,2015-12,64.6,mfhhis01.csv
Turkey,2016-01,59.8,mfhhis01.csv
Turkey,2016-02,53.4,mfhhis01.csv
Turkey,2016-03,52.9,mfhhis01.csv
Turkey,2016-04,54.7,mfhhis01.csv
Turkey,2016-05,50.7,mfhhis01.csv
Turkey,2016-06,58.6,mfhhis01.csv
Turkey,2016-07,59.7,mfhhis01.csv
Turkey,2016-08,56.5,mfhhis01.csv
Turkey,2016-09,61.5,mfhhis01.csv
Turkey,2016-10,58.3,mfhhis01.csv
Turkey,2016-11,55.8,mfhhis01.csv
Turkey,2016-12,59.1,mfhhis01.csv
Turkey,2017-01,58.4,mfhhis01.csv
Turkey,2017-02,58.3,mfhhis01.csv
Turkey,2017-03,59.0,mfhhis01.csv
Turkey,2017-04,56.4,mfhhis01.csv
Turkey,2017-05,49.5,mfhhis01.csv
Turkey,2017-06,58.9,mfhhis01.csv
Turkey,2017-07,54.5,mfhhis01.csv
Turkey,2017-08,57.7,mfhhis01.csv
Turkey,2017-09,60.8,mfhhis01.csv
Turkey,2017-10,61.5,mfhhis01.csv
Turkey,2017-11,61.2,mfhhis01.csv
Turkey,2017-12,52.6,mfhhis01.csv
Turkey,2018-01,49.648,slt3d_globl.csv
Turkey,2018-02,45.573,slt3d_globl.csv
Turkey,2018-03,40.872,slt3d_globl.csv
Turkey,2018-04,38.222,slt3d_globl.csv
Turkey,2018-05,32.572,slt3d_globl.csv
Turkey,2018-06,28.839,slt3d_globl.csv
Turkey,2018-07,29.609,slt3d_globl.csv
Turkey,2018-08,18.461,slt3d_globl.csv
Turkey,2018-09,12.843,slt3d_globl.csv
Turkey,2018-10,10.233,slt3d_globl.csv
Turkey,2018-11,9.576,slt3d_globl.csv
Turkey,2018-12,7.442,slt3d_globl.csv
Turkey,2019-01,3.174,slt3d_globl.csv
Turkey,2019-02,3.37,slt3d_globl.csv
Turkey,2019-03,2.024,slt3d_globl.csv
Turkey,2019-04,1.894,slt3d_globl.csv
Turkey,2019-05,1.753,slt3d_globl.csv
Turkey,2019-06,1.77,slt3d_globl.csv
Turkey,2019-07,1.664,slt3d_globl.csv
Turkey,2019-08,1.678,slt3d_globl.csv
Turkey,2019-09,1.699,slt3d_globl.csv
Turkey,2019-10,1.692,slt3d_globl.csv
Turkey,2019-11,1.695,slt3d_globl.csv
Turkey,2019-12,1.989,slt3d_globl.csv
Turkey,2020-01,2.794,slt_table3.txt
Turkey,2020-02,2.335,slt_table3.txt
Turkey,2020-03,2.505,slt_table3.txt
Turkey,2020-04,2.03,slt_table3.txt
Turkey,2020-05,2.105,slt_table3.txt
Turkey,2020-06,2.569,slt_table3.txt
Turkey,2020-07,2.266,slt_table3.txt
Turkey,2020-08,1.789,slt_table3.txt
Turkey,2020-09,1.908,slt_table3.txt
Turkey,2020-10,1.868,slt_table3.txt
Turkey,2020-11,2.013,slt_table3.txt
Turkey,2020-12,1.945,slt_table3.txt
Turkey,2021-01,2.28,slt_table3.txt
Turkey,2021-02,2.464,slt_table3.txt
Turkey,2021-03,2.331,slt_table3.txt
Turkey,2021-04,2.445,slt_table3.txt
Turkey,2021-05,2.371,slt_table3.txt
Turkey,2021-06,2.128,slt_table3.txt
Turkey,2021-07,2.025,slt_table3.txt
Turkey,2021-08,1.751,slt_table3.txt
Turkey,2021-09,1.757,slt_table3.txt
Turkey,2021-10,1.761,slt_table3.txt
Turkey,2021-11,1.893,slt_table3.txt
Turkey,2021-12,1.903,slt_table3.txt
Turkey,2022-01,1.51,slt_table3.txt
Turkey,2022-02,1.574,slt_table3.txt
Turkey,2022-03,1.595,slt_table3.txt
Turkey,2022-04,1.603,slt_table3.txt
Turkey,2022-05,1.666,slt_table3.txt
Turkey,2022-06,1.674,slt_table3.txt
Turkey,2022-07,1.803,slt_table3.txt
Turkey,2022-08,1.888,slt_table3.txt
Turkey,2022-09,1.814,slt_table3.txt
Turkey,2022-10,1.834,slt_table3.txt
Turkey,2022-11,1.993,slt_table3.txt
Turkey,2022-12,2.027,slt_table3.txt
Turkey,2023-01,2.154,slt_table3.txt
Turkey,2023-02,1.988,slt_table3.txt
Turkey,2023-03,2.151,slt_table3.txt
Turkey,2023-04,2.126,slt_table3.txt
Turkey,2023-05,2.075,slt_table3.txt
Turkey,2023-06,2.255,slt_table3.txt
Turkey,2023-07,2.352,slt_table3.txt
Turkey,2023-08,2.064,slt_table3.txt
Turkey,2023-09,2.102,slt_table3.txt
Turkey,2023-10,2.346,slt_table3.txt
Turkey,2023-11,2.359,slt_table3.txt
Turkey,2023-12,2.166,slt_table3.txt
Turkey,2024-01,3.096,slt_table3.txt
Turkey,2024-02,3.086,slt_table3.txt
Turkey,2024-03,3.111,slt_table3.txt
Turkey,2024-04,3.115,slt_table3.txt
Turkey,2024-05,3.262,slt_table3.txt
Turkey,2024-06,3.438,slt_table3.txt
Turkey,2024-07,6.092,slt_table3.txt
Turkey,2024-08,6.149,slt_table3.txt
Turkey,2024-09,6.295,slt_table3.txt
Turkey,2024-10,11.965,slt_table3.txt
Turkey,2024-11,12.095,slt_table3.txt
Turkey,2024-12,12.852,slt_table3.txt
Turkey,2025-01,18.21,slt_table3.txt
Turkey,2025-02,20.471,slt_table3.txt
Turkey,2025-03,15.918,slt_table3.txt
Turkey,2025-04,7.137,slt_table3.txt
Turkey,2025-05,7.043,slt_table3.txt
Turkey,2025-06,7.692,slt_table3.txt
Turkey,2025-07,9.938,slt_table3.txt
Turkey,2025-08,19.424,slt_table3.txt
Turkey,2025-09,13.279,slt_table3.txt
Turkey,2025-10,14.608,slt_table3.txt
Turkey,2025-11,15.723,slt_table3.txt
Turkey,2025-12,14.003,slt_table3.txt
Turkey,2026-01,16.903,slt_table3.txt
Turkey,2026-02,15.715,slt_table3.txt
Turkey,2026-03,1.784,slt_table3.txt
Turkey,2026-04,2.61,slt_table3.txt
Saudi Arabia,2011-09,70.482,slt3d_globl.csv
Saudi Arabia,2011-12,73.135,slt3d_globl.csv
Saudi Arabia,2012-01,74.9,mfhhis01.csv
Saudi Arabia,2012-02,76.5,mfhhis01.csv
Saudi Arabia,2012-03,78.2,mfhhis01.csv
Saudi Arabia,2012-04,78.9,mfhhis01.csv
Saudi Arabia,2012-05,76.6,mfhhis01.csv
Saudi Arabia,2012-06,76.0,mfhhis01.csv
Saudi Arabia,2012-07,77.2,mfhhis01.csv
Saudi Arabia,2012-08,75.9,mfhhis01.csv
Saudi Arabia,2012-09,75.3,mfhhis01.csv
Saudi Arabia,2012-10,76.9,mfhhis01.csv
Saudi Arabia,2012-11,76.8,mfhhis01.csv
Saudi Arabia,2012-12,77.6,mfhhis01.csv
Saudi Arabia,2013-01,77.2,mfhhis01.csv
Saudi Arabia,2013-02,76.5,mfhhis01.csv
Saudi Arabia,2013-03,78.6,mfhhis01.csv
Saudi Arabia,2013-04,78.0,mfhhis01.csv
Saudi Arabia,2013-05,79.5,mfhhis01.csv
Saudi Arabia,2013-06,79.8,mfhhis01.csv
Saudi Arabia,2013-07,81.8,mfhhis01.csv
Saudi Arabia,2013-08,80.9,mfhhis01.csv
Saudi Arabia,2013-09,82.3,mfhhis01.csv
Saudi Arabia,2013-10,83.6,mfhhis01.csv
Saudi Arabia,2013-11,79.2,mfhhis01.csv
Saudi Arabia,2013-12,78.0,mfhhis01.csv
Saudi Arabia,2014-01,80.4,mfhhis01.csv
Saudi Arabia,2014-02,79.5,mfhhis01.csv
Saudi Arabia,2014-03,82.7,mfhhis01.csv
Saudi Arabia,2014-04,84.9,mfhhis01.csv
Saudi Arabia,2014-05,87.9,mfhhis01.csv
Saudi Arabia,2014-06,90.9,mfhhis01.csv
Saudi Arabia,2014-07,92.5,mfhhis01.csv
Saudi Arabia,2014-08,92.9,mfhhis01.csv
Saudi Arabia,2014-09,93.4,mfhhis01.csv
Saudi Arabia,2014-10,93.9,mfhhis01.csv
Saudi Arabia,2014-11,93.5,mfhhis01.csv
Saudi Arabia,2014-12,97.9,mfhhis01.csv
Saudi Arabia,2015-01,100.8,mfhhis01.csv
Saudi Arabia,2015-02,101.4,mfhhis01.csv
Saudi Arabia,2015-03,102.8,mfhhis01.csv
Saudi Arabia,2015-04,105.1,mfhhis01.csv
Saudi Arabia,2015-05,107.2,mfhhis01.csv
Saudi Arabia,2015-06,109.5,mfhhis01.csv
Saudi Arabia,2015-07,110.1,mfhhis01.csv
Saudi Arabia,2015-08,112.8,mfhhis01.csv
Saudi Arabia,2015-09,112.3,mfhhis01.csv
Saudi Arabia,2015-10,113.0,mfhhis01.csv
Saudi Arabia,2015-11,114.7,mfhhis01.csv
Saudi Arabia,2015-12,118.9,mfhhis01.csv
Saudi Arabia,2016-01,123.7,mfhhis01.csv
Saudi Arabia,2016-02,119.9,mfhhis01.csv
Saudi Arabia,2016-03,116.8,mfhhis01.csv
Saudi Arabia,2016-04,113.0,mfhhis01.csv
Saudi Arabia,2016-05,103.7,mfhhis01.csv
Saudi Arabia,2016-06,98.2,mfhhis01.csv
Saudi Arabia,2016-07,96.5,mfhhis01.csv
Saudi Arabia,2016-08,93.0,mfhhis01.csv
Saudi Arabia,2016-09,89.4,mfhhis01.csv
Saudi Arabia,2016-10,96.7,mfhhis01.csv
Saudi Arabia,2016-11,100.1,mfhhis01.csv
Saudi Arabia,2016-12,102.8,mfhhis01.csv
Saudi Arabia,2017-01,112.3,mfhhis01.csv
Saudi Arabia,2017-02,116.7,mfhhis01.csv
Saudi Arabia,2017-03,124.5,mfhhis01.csv
Saudi Arabia,2017-04,126.8,mfhhis01.csv
Saudi Arabia,2017-05,134.0,mfhhis01.csv
Saudi Arabia,2017-06,142.0,mfhhis01.csv
Saudi Arabia,2017-07,142.5,mfhhis01.csv
Saudi Arabia,2017-08,137.9,mfhhis01.csv
Saudi Arabia,2017-09,136.7,mfhhis01.csv
Saudi Arabia,2017-10,145.2,mfhhis01.csv
Saudi Arabia,2017-11,147.6,mfhhis01.csv
Saudi Arabia,2017-12,147.4,mfhhis01.csv
Saudi Arabia,2018-01,143.7,mfhhis01.csv
Saudi Arabia,2018-02,150.9,mfhhis01.csv
Saudi Arabia,2018-03,151.2,mfhhis01.csv
Saudi Arabia,2018-04,159.9,mfhhis01.csv
Saudi Arabia,2018-05,162.2,mfhhis01.csv
Saudi Arabia,2018-06,164.3,mfhhis01.csv
Saudi Arabia,2018-07,166.8,mfhhis01.csv
Saudi Arabia,2018-08,169.5,mfhhis01.csv
Saudi Arabia,2018-09,176.1,mfhhis01.csv
Saudi Arabia,2018-10,171.3,mfhhis01.csv
Saudi Arabia,2018-11,169.9,mfhhis01.csv
Saudi Arabia,2018-12,172.2,mfhhis01.csv
Saudi Arabia,2019-01,163.3,mfhhis01.csv
Saudi Arabia,2019-02,167.6,mfhhis01.csv
Saudi Arabia,2019-03,170.0,mfhhis01.csv
Saudi Arabia,2019-04,176.6,mfhhis01.csv
Saudi Arabia,2019-05,179.0,mfhhis01.csv
Saudi Arabia,2019-06,179.6,mfhhis01.csv
Saudi Arabia,2019-07,180.8,mfhhis01.csv
Saudi Arabia,2019-08,183.8,mfhhis01.csv
Saudi Arabia,2019-09,181.5,mfhhis01.csv
Saudi Arabia,2019-10,178.9,mfhhis01.csv
Saudi Arabia,2019-11,179.7,mfhhis01.csv
Saudi Arabia,2019-12,179.8,mfhhis01.csv
Saudi Arabia,2020-01,182.9,mfhhis01.csv
Saudi Arabia,2020-02,184.4,mfhhis01.csv
Saudi Arabia,2020-03,159.1,mfhhis01.csv
Saudi Arabia,2020-04,125.3,mfhhis01.csv
Saudi Arabia,2020-05,123.5,mfhhis01.csv
Saudi Arabia,2020-06,124.9,mfhhis01.csv
Saudi Arabia,2020-07,124.6,mfhhis01.csv
Saudi Arabia,2020-08,130.0,mfhhis01.csv
Saudi Arabia,2020-09,131.2,mfhhis01.csv
Saudi Arabia,2020-10,134.2,mfhhis01.csv
Saudi Arabia,2020-11,137.6,mfhhis01.csv
Saudi Arabia,2020-12,136.4,mfhhis01.csv
Saudi Arabia,2021-01,135.1,mfhhis01.csv
Saudi Arabia,2021-02,132.9,mfhhis01.csv
Saudi Arabia,2021-03,130.8,mfhhis01.csv
Saudi Arabia,2021-04,130.3,mfhhis01.csv
Saudi Arabia,2021-05,127.3,mfhhis01.csv
Saudi Arabia,2021-06,127.6,mfhhis01.csv
Saudi Arabia,2021-07,128.1,mfhhis01.csv
Saudi Arabia,2021-08,124.1,mfhhis01.csv
Saudi Arabia,2021-09,123.8,mfhhis01.csv
Saudi Arabia,2021-10,116.5,mfhhis01.csv
Saudi Arabia,2021-11,116.5,mfhhis01.csv
Saudi Arabia,2021-12,119.0,mfhhis01.csv
Saudi Arabia,2022-01,119.4,mfhhis01.csv
Saudi Arabia,2022-02,116.7,mfhhis01.csv
Saudi Arabia,2022-03,115.5,mfhhis01.csv
Saudi Arabia,2022-04,115.7,mfhhis01.csv
Saudi Arabia,2022-05,114.7,mfhhis01.csv
Saudi Arabia,2022-06,119.2,mfhhis01.csv
Saudi Arabia,2022-07,121.6,mfhhis01.csv
Saudi Arabia,2022-08,122.1,mfhhis01.csv
Saudi Arabia,2022-09,121.0,mfhhis01.csv
Saudi Arabia,2022-10,120.7,mfhhis01.csv
Saudi Arabia,2022-11,121.5,mfhhis01.csv
Saudi Arabia,2022-12,119.7,mfhhis01.csv
Saudi Arabia,2023-01,111.0,mfhhis01.csv
Saudi Arabia,2023-02,111.7,mfhhis01.csv
Saudi Arabia,2023-03,116.2,mfhhis01.csv
Saudi Arabia,2023-04,113.3,mfhhis01.csv
Saudi Arabia,2023-05,111.3,mfhhis01.csv
Saudi Arabia,2023-06,110.7,mfhhis01.csv
Saudi Arabia,2023-07,109.2,mfhhis01.csv
Saudi Arabia,2023-08,112.0,mfhhis01.csv
Saudi Arabia,2023-09,117.1,mfhhis01.csv
Saudi Arabia,2023-10,117.5,mfhhis01.csv
Saudi Arabia,2023-11,128.1,mfhhis01.csv
Saudi Arabia,2023-12,132.0,mfhhis01.csv
Saudi Arabia,2024-01,133.5,mfhhis01.csv
Saudi Arabia,2024-02,131.1,mfhhis01.csv
Saudi Arabia,2024-03,135.9,mfhhis01.csv
Saudi Arabia,2024-04,135.4,mfhhis01.csv
Saudi Arabia,2024-05,136.3,mfhhis01.csv
Saudi Arabia,2024-06,140.2,mfhhis01.csv
Saudi Arabia,2024-07,142.7,mfhhis01.csv
Saudi Arabia,2024-08,142.8,mfhhis01.csv
Saudi Arabia,2024-09,143.9,mfhhis01.csv
Saudi Arabia,2024-10,139.2,mfhhis01.csv
Saudi Arabia,2024-11,135.6,mfhhis01.csv
Saudi Arabia,2024-12,137.5,mfhhis01.csv
Saudi Arabia,2025-01,126.9,mfhhis01.csv
Saudi Arabia,2025-02,126.4,mfhhis01.csv
Saudi Arabia,2025-03,131.6,mfhhis01.csv
Saudi Arabia,2025-04,133.8,mfhhis01.csv
Saudi Arabia,2025-05,127.7,mfhhis01.csv
Saudi Arabia,2025-06,130.5,mfhhis01.csv
Saudi Arabia,2025-07,131.6,mfhhis01.csv
Saudi Arabia,2025-08,133.0,mfhhis01.csv
Saudi Arabia,2025-09,134.2,mfhhis01.csv
Saudi Arabia,2025-10,134.3,mfhhis01.csv
Saudi Arabia,2025-11,148.8,mfhhis01.csv
Saudi Arabia,2025-12,149.5,mfhhis01.csv
Saudi Arabia,2026-01,134.78,slt_table3.txt
Saudi Arabia,2026-02,160.431,slt_table3.txt
Saudi Arabia,2026-03,149.573,slt_table3.txt
Saudi Arabia,2026-04,140.12,slt_table3.txt
Poland,2003-01,8.7,mfhhis01.csv
Poland,2003-02,9.0,mfhhis01.csv
Poland,2003-03,9.3,mfhhis01.csv
Poland,2003-04,9.1,mfhhis01.csv
Poland,2003-05,9.4,mfhhis01.csv
Poland,2003-06,9.3,mfhhis01.csv
Poland,2003-07,10.2,mfhhis01.csv
Poland,2003-08,10.1,mfhhis01.csv
Poland,2003-09,10.0,mfhhis01.csv
Poland,2003-10,10.3,mfhhis01.csv
Poland,2003-11,10.4,mfhhis01.csv
Poland,2003-12,10.7,mfhhis01.csv
Poland,2004-01,10.8,mfhhis01.csv
Poland,2004-02,11.0,mfhhis01.csv
Poland,2004-03,11.3,mfhhis01.csv
Poland,2004-04,11.5,mfhhis01.csv
Poland,2004-05,11.3,mfhhis01.csv
Poland,2004-06,10.6,mfhhis01.csv
Poland,2004-07,9.4,mfhhis01.csv
Poland,2004-08,9.4,mfhhis01.csv
Poland,2004-09,10.3,mfhhis01.csv
Poland,2004-10,10.6,mfhhis01.csv
Poland,2004-11,10.8,mfhhis01.csv
Poland,2004-12,10.8,mfhhis01.csv
Poland,2005-01,10.2,mfhhis01.csv
Poland,2005-02,10.6,mfhhis01.csv
Poland,2005-03,11.4,mfhhis01.csv
Poland,2005-04,11.9,mfhhis01.csv
Poland,2005-05,11.8,mfhhis01.csv
Poland,2005-06,11.4,mfhhis01.csv
Poland,2005-07,12.2,mfhhis01.csv
Poland,2005-08,12.1,mfhhis01.csv
Poland,2005-09,12.9,mfhhis01.csv
Poland,2005-10,13.2,mfhhis01.csv
Poland,2005-11,13.4,mfhhis01.csv
Poland,2005-12,13.7,mfhhis01.csv
Poland,2006-01,11.3,mfhhis01.csv
Poland,2006-02,12.4,mfhhis01.csv
Poland,2006-03,12.2,mfhhis01.csv
Poland,2006-04,12.3,mfhhis01.csv
Poland,2006-05,13.3,mfhhis01.csv
Poland,2006-06,11.4,mfhhis01.csv
Poland,2006-07,12.5,mfhhis01.csv
Poland,2006-08,13.4,mfhhis01.csv
Poland,2006-09,12.8,mfhhis01.csv
Poland,2006-10,14.1,mfhhis01.csv
Poland,2006-11,13.9,mfhhis01.csv
Poland,2006-12,13.9,mfhhis01.csv
Poland,2007-01,12.5,mfhhis01.csv
Poland,2007-02,12.7,mfhhis01.csv
Poland,2007-03,12.2,mfhhis01.csv
Poland,2007-04,12.2,mfhhis01.csv
Poland,2007-05,11.8,mfhhis01.csv
Poland,2007-06,12.9,mfhhis01.csv
Poland,2007-07,11.1,mfhhis01.csv
Poland,2007-08,10.5,mfhhis01.csv
Poland,2007-09,10.6,mfhhis01.csv
Poland,2007-10,9.8,mfhhis01.csv
Poland,2007-11,11.1,mfhhis01.csv
Poland,2007-12,12.9,mfhhis01.csv
Poland,2009-01,3.3,mfhhis01.csv
Poland,2009-02,4.4,mfhhis01.csv
Poland,2009-03,3.8,mfhhis01.csv
Poland,2009-04,3.9,mfhhis01.csv
Poland,2009-05,5.0,mfhhis01.csv
Poland,2009-06,5.6,mfhhis01.csv
Poland,2009-07,20.9,mfhhis01.csv
Poland,2009-08,21.3,mfhhis01.csv
Poland,2009-09,21.5,mfhhis01.csv
Poland,2009-10,21.9,mfhhis01.csv
Poland,2009-11,21.9,mfhhis01.csv
Poland,2009-12,22.9,mfhhis01.csv
Poland,2010-01,22.3,mfhhis01.csv
Poland,2010-02,22.6,mfhhis01.csv
Poland,2010-03,23.4,mfhhis01.csv
Poland,2010-04,24.6,mfhhis01.csv
Poland,2010-05,23.4,mfhhis01.csv
Poland,2010-06,23.2,mfhhis01.csv
Poland,2010-07,24.8,mfhhis01.csv
Poland,2010-08,26.6,mfhhis01.csv
Poland,2010-09,28.4,mfhhis01.csv
Poland,2010-10,28.8,mfhhis01.csv
Poland,2010-11,27.2,mfhhis01.csv
Poland,2010-12,25.5,mfhhis01.csv
Poland,2011-01,26.3,mfhhis01.csv
Poland,2011-02,27.3,mfhhis01.csv
Poland,2011-03,28.4,mfhhis01.csv
Poland,2011-04,27.4,mfhhis01.csv
Poland,2011-05,27.9,mfhhis01.csv
Poland,2011-06,28.5,mfhhis01.csv
Poland,2011-07,31.9,mfhhis01.csv
Poland,2011-08,31.2,mfhhis01.csv
Poland,2011-09,29.6,mfhhis01.csv
Poland,2011-10,28.6,mfhhis01.csv
Poland,2011-11,27.9,mfhhis01.csv
Poland,2011-12,28.5,mfhhis01.csv
Poland,2012-01,28.7,mfhhis01.csv
Poland,2012-02,27.3,mfhhis01.csv
Poland,2012-03,27.5,mfhhis01.csv
Poland,2012-04,28.4,mfhhis01.csv
Poland,2012-05,28.4,mfhhis01.csv
Poland,2012-06,29.9,mfhhis01.csv
Poland,2012-07,28.8,mfhhis01.csv
Poland,2012-08,29.4,mfhhis01.csv
Poland,2012-09,30.0,mfhhis01.csv
Poland,2012-10,30.4,mfhhis01.csv
Poland,2012-11,30.8,mfhhis01.csv
Poland,2012-12,31.5,mfhhis01.csv
Poland,2013-01,31.8,mfhhis01.csv
Poland,2013-02,31.2,mfhhis01.csv
Poland,2013-03,31.2,mfhhis01.csv
Poland,2013-04,31.6,mfhhis01.csv
Poland,2013-05,31.4,mfhhis01.csv
Poland,2013-06,31.4,mfhhis01.csv
Poland,2013-07,32.1,mfhhis01.csv
Poland,2013-08,32.0,mfhhis01.csv
Poland,2013-09,30.8,mfhhis01.csv
Poland,2013-10,31.2,mfhhis01.csv
Poland,2013-11,31.4,mfhhis01.csv
Poland,2013-12,30.9,mfhhis01.csv
Poland,2014-01,31.2,mfhhis01.csv
Poland,2014-02,30.7,mfhhis01.csv
Poland,2014-03,30.3,mfhhis01.csv
Poland,2014-04,30.5,mfhhis01.csv
Poland,2014-05,29.9,mfhhis01.csv
Poland,2014-06,29.5,mfhhis01.csv
Poland,2014-07,29.6,mfhhis01.csv
Poland,2014-08,29.4,mfhhis01.csv
Poland,2014-09,28.5,mfhhis01.csv
Poland,2014-10,28.0,mfhhis01.csv
Poland,2014-11,27.6,mfhhis01.csv
Poland,2014-12,27.7,mfhhis01.csv
Poland,2015-01,29.6,mfhhis01.csv
Poland,2015-02,29.3,mfhhis01.csv
Poland,2015-03,28.3,mfhhis01.csv
Poland,2015-04,27.6,mfhhis01.csv
Poland,2015-05,28.5,mfhhis01.csv
Poland,2015-06,28.2,mfhhis01.csv
Poland,2015-07,27.9,mfhhis01.csv
Poland,2015-08,27.6,mfhhis01.csv
Poland,2015-09,28.4,mfhhis01.csv
Poland,2015-10,30.2,mfhhis01.csv
Poland,2015-11,29.8,mfhhis01.csv
Poland,2015-12,30.2,mfhhis01.csv
Poland,2016-01,33.2,mfhhis01.csv
Poland,2016-02,33.5,mfhhis01.csv
Poland,2016-03,33.7,mfhhis01.csv
Poland,2016-04,33.8,mfhhis01.csv
Poland,2016-05,33.9,mfhhis01.csv
Poland,2016-06,34.2,mfhhis01.csv
Poland,2016-07,33.9,mfhhis01.csv
Poland,2016-08,33.8,mfhhis01.csv
Poland,2016-09,33.5,mfhhis01.csv
Poland,2016-10,33.0,mfhhis01.csv
Poland,2016-11,33.9,mfhhis01.csv
Poland,2016-12,34.0,mfhhis01.csv
Poland,2017-01,34.3,mfhhis01.csv
Poland,2017-02,34.2,mfhhis01.csv
Poland,2017-03,34.9,mfhhis01.csv
Poland,2017-04,33.9,mfhhis01.csv
Poland,2017-05,35.0,mfhhis01.csv
Poland,2017-06,34.1,mfhhis01.csv
Poland,2017-07,35.6,mfhhis01.csv
Poland,2017-08,36.3,mfhhis01.csv
Poland,2017-09,37.3,mfhhis01.csv
Poland,2017-10,38.8,mfhhis01.csv
Poland,2017-11,38.4,mfhhis01.csv
Poland,2017-12,40.0,mfhhis01.csv
Poland,2018-01,40.7,mfhhis01.csv
Poland,2018-02,40.4,mfhhis01.csv
Poland,2018-03,40.3,mfhhis01.csv
Poland,2018-04,41.4,mfhhis01.csv
Poland,2018-05,40.2,mfhhis01.csv
Poland,2018-06,40.6,mfhhis01.csv
Poland,2018-07,40.6,mfhhis01.csv
Poland,2018-08,39.9,mfhhis01.csv
Poland,2018-09,40.1,mfhhis01.csv
Poland,2018-10,40.0,mfhhis01.csv
Poland,2018-11,40.2,mfhhis01.csv
Poland,2018-12,39.6,mfhhis01.csv
Poland,2019-01,33.8,mfhhis01.csv
Poland,2019-02,32.8,mfhhis01.csv
Poland,2019-03,33.9,mfhhis01.csv
Poland,2019-04,37.2,mfhhis01.csv
Poland,2019-05,34.1,mfhhis01.csv
Poland,2019-06,28.1,mfhhis01.csv
Poland,2019-07,28.8,mfhhis01.csv
Poland,2019-08,38.8,mfhhis01.csv
Poland,2019-09,36.8,mfhhis01.csv
Poland,2019-10,35.7,mfhhis01.csv
Poland,2019-11,38.5,mfhhis01.csv
Poland,2019-12,38.8,mfhhis01.csv
Poland,2020-01,37.7,mfhhis01.csv
Poland,2020-02,38.8,mfhhis01.csv
Poland,2020-03,35.6,mfhhis01.csv
Poland,2020-04,34.4,mfhhis01.csv
Poland,2020-05,38.0,mfhhis01.csv
Poland,2020-06,39.7,mfhhis01.csv
Poland,2020-07,42.5,mfhhis01.csv
Poland,2020-08,43.8,mfhhis01.csv
Poland,2020-09,44.1,mfhhis01.csv
Poland,2020-10,46.1,mfhhis01.csv
Poland,2020-11,47.5,mfhhis01.csv
Poland,2020-12,50.5,mfhhis01.csv
Poland,2021-01,53.3,mfhhis01.csv
Poland,2021-02,53.2,mfhhis01.csv
Poland,2021-03,52.6,mfhhis01.csv
Poland,2021-04,52.5,mfhhis01.csv
Poland,2021-05,54.0,mfhhis01.csv
Poland,2021-06,54.1,mfhhis01.csv
Poland,2021-07,56.1,mfhhis01.csv
Poland,2021-08,55.2,mfhhis01.csv
Poland,2021-09,54.3,mfhhis01.csv
Poland,2021-10,54.6,mfhhis01.csv
Poland,2021-11,55.1,mfhhis01.csv
Poland,2021-12,42.2,mfhhis01.csv
Poland,2022-01,44.9,mfhhis01.csv
Poland,2022-02,45.5,mfhhis01.csv
Poland,2022-03,39.2,mfhhis01.csv
Poland,2022-04,37.0,mfhhis01.csv
Poland,2022-05,36.0,mfhhis01.csv
Poland,2022-06,35.3,mfhhis01.csv
Poland,2022-07,36.2,mfhhis01.csv
Poland,2022-08,33.9,mfhhis01.csv
Poland,2022-09,33.0,mfhhis01.csv
Poland,2022-10,34.7,mfhhis01.csv
Poland,2022-11,38.2,mfhhis01.csv
Poland,2022-12,37.7,mfhhis01.csv
Poland,2023-01,40.9,mfhhis01.csv
Poland,2023-02,39.8,mfhhis01.csv
Poland,2023-03,41.0,mfhhis01.csv
Poland,2023-04,43.1,mfhhis01.csv
Poland,2023-05,44.5,mfhhis01.csv
Poland,2023-06,47.9,mfhhis01.csv
Poland,2023-07,48.8,mfhhis01.csv
Poland,2023-08,47.9,mfhhis01.csv
Poland,2023-09,45.4,mfhhis01.csv
Poland,2023-10,44.5,mfhhis01.csv
Poland,2023-11,43.9,mfhhis01.csv
Poland,2023-12,44.9,mfhhis01.csv
Poland,2024-01,43.0,mfhhis01.csv
Poland,2024-02,43.1,mfhhis01.csv
Poland,2024-03,43.2,mfhhis01.csv
Poland,2024-04,42.2,mfhhis01.csv
Poland,2024-05,43.1,mfhhis01.csv
Poland,2024-06,47.2,mfhhis01.csv
Poland,2024-07,46.6,mfhhis01.csv
Poland,2024-08,47.9,mfhhis01.csv
Poland,2024-09,50.8,mfhhis01.csv
Poland,2024-10,51.1,mfhhis01.csv
Poland,2024-11,52.1,mfhhis01.csv
Poland,2024-12,52.7,mfhhis01.csv
Poland,2025-01,54.2,mfhhis01.csv
Poland,2025-02,57.6,mfhhis01.csv
Poland,2025-03,57.5,mfhhis01.csv
Poland,2025-04,62.0,mfhhis01.csv
Poland,2025-05,62.6,mfhhis01.csv
Poland,2025-06,66.5,mfhhis01.csv
Poland,2025-07,67.2,mfhhis01.csv
Poland,2025-08,62.4,mfhhis01.csv
Poland,2025-09,59.5,mfhhis01.csv
Poland,2025-10,59.1,mfhhis01.csv
Poland,2025-11,59.9,mfhhis01.csv
Poland,2025-12,60.5,mfhhis01.csv
